label	accession	organism	protein	clade	source	note	status
PsrAPhsASrrA_Wells_001	AcidicryptPsrA	Wells_et_al_reference	PsrAPhsASrrA	PsrAPhsASrrA	Wells_Dryad_DMSORcompwoutMop.fasta	Selected from DMSORcompwoutMop.fasta; original_header=AcidicryptPsrA	OK
PsrAPhsASrrA_Wells_002	BacilpersPsrA	Wells_et_al_reference	PsrAPhsASrrA	PsrAPhsASrrA	Wells_Dryad_DMSORcompwoutMop.fasta	Selected from DMSORcompwoutMop.fasta; original_header=BacilpersPsrA	OK
PsrAPhsASrrA_Wells_003	CaldinitroPsrA	Wells_et_al_reference	PsrAPhsASrrA	PsrAPhsASrrA	Wells_Dryad_DMSORcompwoutMop.fasta	Selected from DMSORcompwoutMop.fasta; original_header=CaldinitroPsrA	OK
PsrAPhsASrrA_Wells_004	ChlorobchlorPsrA	Wells_et_al_reference	PsrAPhsASrrA	PsrAPhsASrrA	Wells_Dryad_DMSORcompwoutMop.fasta	Selected from DMSORcompwoutMop.fasta; original_header=ChlorobchlorPsrA	OK
PsrAPhsASrrA_Wells_005	CosenmyxoPsrA	Wells_et_al_reference	PsrAPhsASrrA	PsrAPhsASrrA	Wells_Dryad_DMSORcompwoutMop.fasta	Selected from DMSORcompwoutMop.fasta; original_header=CosenmyxoPsrA	OK
PsrAPhsASrrA_Wells_006	DesulfitochloPsrA	Wells_et_al_reference	PsrAPhsASrrA	PsrAPhsASrrA	Wells_Dryad_DMSORcompwoutMop.fasta	Selected from DMSORcompwoutMop.fasta; original_header=DesulfitochloPsrA	OK
PsrAPhsASrrA_Wells_007	DesulfomtiedPsrA	Wells_et_al_reference	PsrAPhsASrrA	PsrAPhsASrrA	Wells_Dryad_DMSORcompwoutMop.fasta	Selected from DMSORcompwoutMop.fasta; original_header=DesulfomtiedPsrA	OK
PsrAPhsASrrA_Wells_008	DesulfoyounPsrA	Wells_et_al_reference	PsrAPhsASrrA	PsrAPhsASrrA	Wells_Dryad_DMSORcompwoutMop.fasta	Selected from DMSORcompwoutMop.fasta; original_header=DesulfoyounPsrA	OK
PsrAPhsASrrA_Wells_009	EdwardpiscPsrA	Wells_et_al_reference	PsrAPhsASrrA	PsrAPhsASrrA	Wells_Dryad_DMSORcompwoutMop.fasta	Selected from DMSORcompwoutMop.fasta; original_header=EdwardpiscPsrA	OK
PsrAPhsASrrA_Wells_010	EschercoliPsrA	Wells_et_al_reference	PsrAPhsASrrA	PsrAPhsASrrA	Wells_Dryad_DMSORcompwoutMop.fasta	Selected from DMSORcompwoutMop.fasta; original_header=EschercoliPsrA	OK
PsrAPhsASrrA_Wells_011	GeopsychroelectPsrA	Wells_et_al_reference	PsrAPhsASrrA	PsrAPhsASrrA	Wells_Dryad_DMSORcompwoutMop.fasta	Selected from DMSORcompwoutMop.fasta; original_header=GeopsychroelectPsrA	OK
PsrAPhsASrrA_Wells_012	HalobinitratPsrA	Wells_et_al_reference	PsrAPhsASrrA	PsrAPhsASrrA	Wells_Dryad_DMSORcompwoutMop.fasta	Selected from DMSORcompwoutMop.fasta; original_header=HalobinitratPsrA	OK
PsrAPhsASrrA_Wells_013	HelicocanadPsrA	Wells_et_al_reference	PsrAPhsASrrA	PsrAPhsASrrA	Wells_Dryad_DMSORcompwoutMop.fasta	Selected from DMSORcompwoutMop.fasta; original_header=HelicocanadPsrA	OK
PsrAPhsASrrA_Wells_014	JejupallPsrA	Wells_et_al_reference	PsrAPhsASrrA	PsrAPhsASrrA	Wells_Dryad_DMSORcompwoutMop.fasta	Selected from DMSORcompwoutMop.fasta; original_header=JejupallPsrA	OK
PsrAPhsASrrA_Wells_015	MangrovimarinPsrA	Wells_et_al_reference	PsrAPhsASrrA	PsrAPhsASrrA	Wells_Dryad_DMSORcompwoutMop.fasta	Selected from DMSORcompwoutMop.fasta; original_header=MangrovimarinPsrA	OK
PsrAPhsASrrA_Wells_016	MoorthermPsrA	Wells_et_al_reference	PsrAPhsASrrA	PsrAPhsASrrA	Wells_Dryad_DMSORcompwoutMop.fasta	Selected from DMSORcompwoutMop.fasta; original_header=MoorthermPsrA	OK
PsrAPhsASrrA_Wells_017	ProlixidenitrPsrA	Wells_et_al_reference	PsrAPhsASrrA	PsrAPhsASrrA	Wells_Dryad_DMSORcompwoutMop.fasta	Selected from DMSORcompwoutMop.fasta; original_header=ProlixidenitrPsrA	OK
PsrAPhsASrrA_Wells_018	PyroarsenPsrA	Wells_et_al_reference	PsrAPhsASrrA	PsrAPhsASrrA	Wells_Dryad_DMSORcompwoutMop.fasta	Selected from DMSORcompwoutMop.fasta; original_header=PyroarsenPsrA	OK
PsrAPhsASrrA_Wells_019	SalmonbongPsrA	Wells_et_al_reference	PsrAPhsASrrA	PsrAPhsASrrA	Wells_Dryad_DMSORcompwoutMop.fasta	Selected from DMSORcompwoutMop.fasta; original_header=SalmonbongPsrA	OK
PsrAPhsASrrA_Wells_020	ShewanoneiPsrA	Wells_et_al_reference	PsrAPhsASrrA	PsrAPhsASrrA	Wells_Dryad_DMSORcompwoutMop.fasta	Selected from DMSORcompwoutMop.fasta; original_header=ShewanoneiPsrA	OK
PsrAPhsASrrA_Wells_021	SulfurosparsenPsrA2	Wells_et_al_reference	PsrAPhsASrrA	PsrAPhsASrrA	Wells_Dryad_DMSORcompwoutMop.fasta	Selected from DMSORcompwoutMop.fasta; original_header=SulfurosparsenPsrA2	OK
PsrAPhsASrrA_Wells_022	SunxelliptPsrA	Wells_et_al_reference	PsrAPhsASrrA	PsrAPhsASrrA	Wells_Dryad_DMSORcompwoutMop.fasta	Selected from DMSORcompwoutMop.fasta; original_header=SunxelliptPsrA	OK
PsrAPhsASrrA_Wells_023	ThermofipenPsrA	Wells_et_al_reference	PsrAPhsASrrA	PsrAPhsASrrA	Wells_Dryad_DMSORcompwoutMop.fasta	Selected from DMSORcompwoutMop.fasta; original_header=ThermofipenPsrA	OK
PsrAPhsASrrA_Wells_024	ThermusscotPsrA	Wells_et_al_reference	PsrAPhsASrrA	PsrAPhsASrrA	Wells_Dryad_DMSORcompwoutMop.fasta	Selected from DMSORcompwoutMop.fasta; original_header=ThermusscotPsrA	OK
PsrAPhsASrrA_Wells_025	WolinsuccPsrA	Wells_et_al_reference	PsrAPhsASrrA	PsrAPhsASrrA	Wells_Dryad_DMSORcompwoutMop.fasta	Selected from DMSORcompwoutMop.fasta; original_header=WolinsuccPsrA	OK
TtrASrdA_Wells_001	AchromarsenTtrA	Wells_et_al_reference	TtrASrdA	TtrASrdA	Wells_Dryad_DMSORcompwoutMop.fasta	Selected from DMSORcompwoutMop.fasta; original_header=AchromarsenTtrA	OK
TtrASrdA_Wells_002	AliiviwodanTtrA	Wells_et_al_reference	TtrASrdA	TtrASrdA	Wells_Dryad_DMSORcompwoutMop.fasta	Selected from DMSORcompwoutMop.fasta; original_header=AliiviwodanTtrA	OK
TtrASrdA_Wells_003	AromaromaTtrA	Wells_et_al_reference	TtrASrdA	TtrASrdA	Wells_Dryad_DMSORcompwoutMop.fasta	Selected from DMSORcompwoutMop.fasta; original_header=AromaromaTtrA	OK
TtrASrdA_Wells_004	BacilselenaTtrA1	Wells_et_al_reference	TtrASrdA	TtrASrdA	Wells_Dryad_DMSORcompwoutMop.fasta	Selected from DMSORcompwoutMop.fasta; original_header=BacilselenaTtrA1	OK
TtrASrdA_Wells_005	ButtiagaviTtrA	Wells_et_al_reference	TtrASrdA	TtrASrdA	Wells_Dryad_DMSORcompwoutMop.fasta	Selected from DMSORcompwoutMop.fasta; original_header=ButtiagaviTtrA	OK
TtrASrdA_Wells_006	CampyshowTtrA	Wells_et_al_reference	TtrASrdA	TtrASrdA	Wells_Dryad_DMSORcompwoutMop.fasta	Selected from DMSORcompwoutMop.fasta; original_header=CampyshowTtrA	OK
TtrASrdA_Wells_007	Citrofreund1TtrA	Wells_et_al_reference	TtrASrdA	TtrASrdA	Wells_Dryad_DMSORcompwoutMop.fasta	Selected from DMSORcompwoutMop.fasta; original_header=Citrofreund1TtrA	OK
TtrASrdA_Wells_008	DeferridesulfTtrA	Wells_et_al_reference	TtrASrdA	TtrASrdA	Wells_Dryad_DMSORcompwoutMop.fasta	Selected from DMSORcompwoutMop.fasta; original_header=DeferridesulfTtrA	OK
TtrASrdA_Wells_009	DesulfoacidTtrA	Wells_et_al_reference	TtrASrdA	TtrASrdA	Wells_Dryad_DMSORcompwoutMop.fasta	Selected from DMSORcompwoutMop.fasta; original_header=DesulfoacidTtrA	OK
TtrASrdA_Wells_010	DesulfuriindiTtrA	Wells_et_al_reference	TtrASrdA	TtrASrdA	Wells_Dryad_DMSORcompwoutMop.fasta	Selected from DMSORcompwoutMop.fasta; original_header=DesulfuriindiTtrA	OK
TtrASrdA_Wells_011	Eschercoli1TtrA	Wells_et_al_reference	TtrASrdA	TtrASrdA	Wells_Dryad_DMSORcompwoutMop.fasta	Selected from DMSORcompwoutMop.fasta; original_header=Eschercoli1TtrA	OK
TtrASrdA_Wells_012	HalanaerosulfTtrA	Wells_et_al_reference	TtrASrdA	TtrASrdA	Wells_Dryad_DMSORcompwoutMop.fasta	Selected from DMSORcompwoutMop.fasta; original_header=HalanaerosulfTtrA	OK
TtrASrdA_Wells_013	HalomonalkaliTtrA	Wells_et_al_reference	TtrASrdA	TtrASrdA	Wells_Dryad_DMSORcompwoutMop.fasta	Selected from DMSORcompwoutMop.fasta; original_header=HalomonalkaliTtrA	OK
TtrASrdA_Wells_014	HalorutropTtrA	Wells_et_al_reference	TtrASrdA	TtrASrdA	Wells_Dryad_DMSORcompwoutMop.fasta	Selected from DMSORcompwoutMop.fasta; original_header=HalorutropTtrA	OK
TtrASrdA_Wells_015	LecleradecarTtrA	Wells_et_al_reference	TtrASrdA	TtrASrdA	Wells_Dryad_DMSORcompwoutMop.fasta	Selected from DMSORcompwoutMop.fasta; original_header=LecleradecarTtrA	OK
TtrASrdA_Wells_016	MoellwiscTtrA	Wells_et_al_reference	TtrASrdA	TtrASrdA	Wells_Dryad_DMSORcompwoutMop.fasta	Selected from DMSORcompwoutMop.fasta; original_header=MoellwiscTtrA	OK
TtrASrdA_Wells_017	OryzipropTtrA	Wells_et_al_reference	TtrASrdA	TtrASrdA	Wells_Dryad_DMSORcompwoutMop.fasta	Selected from DMSORcompwoutMop.fasta; original_header=OryzipropTtrA	OK
TtrASrdA_Wells_018	PlasticiacidTtrA	Wells_et_al_reference	TtrASrdA	TtrASrdA	Wells_Dryad_DMSORcompwoutMop.fasta	Selected from DMSORcompwoutMop.fasta; original_header=PlasticiacidTtrA	OK
TtrASrdA_Wells_019	PseudodongxiamTtrA	Wells_et_al_reference	TtrASrdA	TtrASrdA	Wells_Dryad_DMSORcompwoutMop.fasta	Selected from DMSORcompwoutMop.fasta; original_header=PseudodongxiamTtrA	OK
TtrASrdA_Wells_020	RaoulornithTtrA	Wells_et_al_reference	TtrASrdA	TtrASrdA	Wells_Dryad_DMSORcompwoutMop.fasta	Selected from DMSORcompwoutMop.fasta; original_header=RaoulornithTtrA	OK
TtrASrdA_Wells_021	ShewanalgaTtrA	Wells_et_al_reference	TtrASrdA	TtrASrdA	Wells_Dryad_DMSORcompwoutMop.fasta	Selected from DMSORcompwoutMop.fasta; original_header=ShewanalgaTtrA	OK
TtrASrdA_Wells_022	ThalassobaccyriTtrA	Wells_et_al_reference	TtrASrdA	TtrASrdA	Wells_Dryad_DMSORcompwoutMop.fasta	Selected from DMSORcompwoutMop.fasta; original_header=ThalassobaccyriTtrA	OK
TtrASrdA_Wells_023	ThermogutterriTtrA	Wells_et_al_reference	TtrASrdA	TtrASrdA	Wells_Dryad_DMSORcompwoutMop.fasta	Selected from DMSORcompwoutMop.fasta; original_header=ThermogutterriTtrA	OK
TtrASrdA_Wells_024	ThiohalomondenitrTtrA	Wells_et_al_reference	TtrASrdA	TtrASrdA	Wells_Dryad_DMSORcompwoutMop.fasta	Selected from DMSORcompwoutMop.fasta; original_header=ThiohalomondenitrTtrA	OK
TtrASrdA_Wells_025	YokeneregenTtrA	Wells_et_al_reference	TtrASrdA	TtrASrdA	Wells_Dryad_DMSORcompwoutMop.fasta	Selected from DMSORcompwoutMop.fasta; original_header=YokeneregenTtrA	OK
bSreASoeA_Wells_001	AcidicryptbSreA	Wells_et_al_reference	bSreASoeA	bSreASoeA	Wells_Dryad_DMSORcompwoutMop.fasta	Selected from DMSORcompwoutMop.fasta; original_header=AcidicryptbSreA	OK
bSreASoeA_Wells_002	AfipiafelisbSreA	Wells_et_al_reference	bSreASoeA	bSreASoeA	Wells_Dryad_DMSORcompwoutMop.fasta	Selected from DMSORcompwoutMop.fasta; original_header=AfipiafelisbSreA	OK
bSreASoeA_Wells_003	AquifexaeolibSreA	Wells_et_al_reference	bSreASoeA	bSreASoeA	Wells_Dryad_DMSORcompwoutMop.fasta	Selected from DMSORcompwoutMop.fasta; original_header=AquifexaeolibSreA	OK
bSreASoeA_Wells_004	Burkcenoce1bSreA	Wells_et_al_reference	bSreASoeA	bSreASoeA	Wells_Dryad_DMSORcompwoutMop.fasta	Selected from DMSORcompwoutMop.fasta; original_header=Burkcenoce1bSreA	OK
bSreASoeA_Wells_005	CabalglatheibSreA	Wells_et_al_reference	bSreASoeA	bSreASoeA	Wells_Dryad_DMSORcompwoutMop.fasta	Selected from DMSORcompwoutMop.fasta; original_header=CabalglatheibSreA	OK
bSreASoeA_Wells_006	DankookrubrabSreA	Wells_et_al_reference	bSreASoeA	bSreASoeA	Wells_Dryad_DMSORcompwoutMop.fasta	Selected from DMSORcompwoutMop.fasta; original_header=DankookrubrabSreA	OK
bSreASoeA_Wells_007	FerriphasamnibSreA	Wells_et_al_reference	bSreASoeA	bSreASoeA	Wells_Dryad_DMSORcompwoutMop.fasta	Selected from DMSORcompwoutMop.fasta; original_header=FerriphasamnibSreA	OK
bSreASoeA_Wells_008	HerminarsenibSreA	Wells_et_al_reference	bSreASoeA	bSreASoeA	Wells_Dryad_DMSORcompwoutMop.fasta	Selected from DMSORcompwoutMop.fasta; original_header=HerminarsenibSreA	OK
bSreASoeA_Wells_009	KilolaminabSreA	Wells_et_al_reference	bSreASoeA	bSreASoeA	Wells_Dryad_DMSORcompwoutMop.fasta	Selected from DMSORcompwoutMop.fasta; original_header=KilolaminabSreA	OK
bSreASoeA_Wells_010	MagnetospircaucabSreA	Wells_et_al_reference	bSreASoeA	bSreASoeA	Wells_Dryad_DMSORcompwoutMop.fasta	Selected from DMSORcompwoutMop.fasta; original_header=MagnetospircaucabSreA	OK
bSreASoeA_Wells_011	MesorhizoaustralbSreA	Wells_et_al_reference	bSreASoeA	bSreASoeA	Wells_Dryad_DMSORcompwoutMop.fasta	Selected from DMSORcompwoutMop.fasta; original_header=MesorhizoaustralbSreA	OK
bSreASoeA_Wells_012	MethylibipetrobSreA	Wells_et_al_reference	bSreASoeA	bSreASoeA	Wells_Dryad_DMSORcompwoutMop.fasta	Selected from DMSORcompwoutMop.fasta; original_header=MethylibipetrobSreA	OK
bSreASoeA_Wells_013	OceanibacnanhaibSreA	Wells_et_al_reference	bSreASoeA	bSreASoeA	Wells_Dryad_DMSORcompwoutMop.fasta	Selected from DMSORcompwoutMop.fasta; original_header=OceanibacnanhaibSreA	OK
bSreASoeA_Wells_014	ParaburkferrabSreA	Wells_et_al_reference	bSreASoeA	bSreASoeA	Wells_Dryad_DMSORcompwoutMop.fasta	Selected from DMSORcompwoutMop.fasta; original_header=ParaburkferrabSreA	OK
bSreASoeA_Wells_015	ParalureibSreA	Wells_et_al_reference	bSreASoeA	bSreASoeA	Wells_Dryad_DMSORcompwoutMop.fasta	Selected from DMSORcompwoutMop.fasta; original_header=ParalureibSreA	OK
bSreASoeA_Wells_016	PseudorhodofersolibSreA	Wells_et_al_reference	bSreASoeA	bSreASoeA	Wells_Dryad_DMSORcompwoutMop.fasta	Selected from DMSORcompwoutMop.fasta; original_header=PseudorhodofersolibSreA	OK
bSreASoeA_Wells_017	SideroxlithobSreA	Wells_et_al_reference	bSreASoeA	bSreASoeA	Wells_Dryad_DMSORcompwoutMop.fasta	Selected from DMSORcompwoutMop.fasta; original_header=SideroxlithobSreA	OK
bSreASoeA_Wells_018	SulfuriceldenitribSreA	Wells_et_al_reference	bSreASoeA	bSreASoeA	Wells_Dryad_DMSORcompwoutMop.fasta	Selected from DMSORcompwoutMop.fasta; original_header=SulfuriceldenitribSreA	OK
bSreASoeA_Wells_019	SulfurisomsediminibSreA	Wells_et_al_reference	bSreASoeA	bSreASoeA	Wells_Dryad_DMSORcompwoutMop.fasta	Selected from DMSORcompwoutMop.fasta; original_header=SulfurisomsediminibSreA	OK
bSreASoeA_Wells_020	ThermocrinminerbSreA	Wells_et_al_reference	bSreASoeA	bSreASoeA	Wells_Dryad_DMSORcompwoutMop.fasta	Selected from DMSORcompwoutMop.fasta; original_header=ThermocrinminerbSreA	OK
bSreASoeA_Wells_021	ThioalksulfidbSreA	Wells_et_al_reference	bSreASoeA	bSreASoeA	Wells_Dryad_DMSORcompwoutMop.fasta	Selected from DMSORcompwoutMop.fasta; original_header=ThioalksulfidbSreA	OK
bSreASoeA_Wells_022	ThiocaproseobSreA	Wells_et_al_reference	bSreASoeA	bSreASoeA	Wells_Dryad_DMSORcompwoutMop.fasta	Selected from DMSORcompwoutMop.fasta; original_header=ThiocaproseobSreA	OK
bSreASoeA_Wells_023	ThiohalomondenitrbSreA	Wells_et_al_reference	bSreASoeA	bSreASoeA	Wells_Dryad_DMSORcompwoutMop.fasta	Selected from DMSORcompwoutMop.fasta; original_header=ThiohalomondenitrbSreA	OK
bSreASoeA_Wells_024	ThiothrlacusbSreA	Wells_et_al_reference	bSreASoeA	bSreASoeA	Wells_Dryad_DMSORcompwoutMop.fasta	Selected from DMSORcompwoutMop.fasta; original_header=ThiothrlacusbSreA	OK
bSreASoeA_Wells_025	VermineeisebSreA	Wells_et_al_reference	bSreASoeA	bSreASoeA	Wells_Dryad_DMSORcompwoutMop.fasta	Selected from DMSORcompwoutMop.fasta; original_header=VermineeisebSreA	OK
aSreA_Wells_001	AcidiaambivaaSreA	Wells_et_al_reference	aSreA	aSreA	Wells_Dryad_DMSORcompwoutMop.fasta	Selected from DMSORcompwoutMop.fasta; original_header=AcidiaambivaaSreA	OK
aSreA_Wells_002	AcidiamanzaeaSreA	Wells_et_al_reference	aSreA	aSreA	Wells_Dryad_DMSORcompwoutMop.fasta	Selected from DMSORcompwoutMop.fasta; original_header=AcidiamanzaeaSreA	OK
aSreA_Wells_003	AremensulfuraSreA	Wells_et_al_reference	aSreA	aSreA	Wells_Dryad_DMSORcompwoutMop.fasta	Selected from DMSORcompwoutMop.fasta; original_header=AremensulfuraSreA	OK
aSreA_Wells_004	Hippealvi1aSreA	Wells_et_al_reference	aSreA	aSreA	Wells_Dryad_DMSORcompwoutMop.fasta	Selected from DMSORcompwoutMop.fasta; original_header=Hippealvi1aSreA	OK
aSreA_Wells_005	HippejasonaSreA	Wells_et_al_reference	aSreA	aSreA	Wells_Dryad_DMSORcompwoutMop.fasta	Selected from DMSORcompwoutMop.fasta; original_header=HippejasonaSreA	OK
aSreA_Wells_006	HippemariaSreA	Wells_et_al_reference	aSreA	aSreA	Wells_Dryad_DMSORcompwoutMop.fasta	Selected from DMSORcompwoutMop.fasta; original_header=HippemariaSreA	OK
aSreA_Wells_007	SulfoloislanaSreA	Wells_et_al_reference	aSreA	aSreA	Wells_Dryad_DMSORcompwoutMop.fasta	Selected from DMSORcompwoutMop.fasta; original_header=SulfoloislanaSreA	OK
aSreA_Wells_008	SulfurisphaohwakuaSreA	Wells_et_al_reference	aSreA	aSreA	Wells_Dryad_DMSORcompwoutMop.fasta	Selected from DMSORcompwoutMop.fasta; original_header=SulfurisphaohwakuaSreA	OK
ArrAArxA_Wells_001	ActinophytxinjianArrA	Wells_et_al_reference	ArrAArxA	ArrAArxA	Wells_Dryad_DMSORcompwoutMop.fasta	Selected from DMSORcompwoutMop.fasta; original_header=ActinophytxinjianArrA	OK
ArrAArxA_Wells_002	AlkaliphilmetalArrA	Wells_et_al_reference	ArrAArxA	ArrAArxA	Wells_Dryad_DMSORcompwoutMop.fasta	Selected from DMSORcompwoutMop.fasta; original_header=AlkaliphilmetalArrA	OK
ArrAArxA_Wells_003	AlkalispiroodontoArrA	Wells_et_al_reference	ArrAArxA	ArrAArxA	Wells_Dryad_DMSORcompwoutMop.fasta	Selected from DMSORcompwoutMop.fasta; original_header=AlkalispiroodontoArrA	OK
ArrAArxA_Wells_004	AnaerobrancalifArrA	Wells_et_al_reference	ArrAArxA	ArrAArxA	Wells_Dryad_DMSORcompwoutMop.fasta	Selected from DMSORcompwoutMop.fasta; original_header=AnaerobrancalifArrA	OK
ArrAArxA_Wells_005	BaciloryziArrA	Wells_et_al_reference	ArrAArxA	ArrAArxA	Wells_Dryad_DMSORcompwoutMop.fasta	Selected from DMSORcompwoutMop.fasta; original_header=BaciloryziArrA	OK
ArrAArxA_Wells_006	DesulfitodichlorArrA	Wells_et_al_reference	ArrAArxA	ArrAArxA	Wells_Dryad_DMSORcompwoutMop.fasta	Selected from DMSORcompwoutMop.fasta; original_header=DesulfitodichlorArrA	OK
ArrAArxA_Wells_007	DesulfofusglycoArrA	Wells_et_al_reference	ArrAArxA	ArrAArxA	Wells_Dryad_DMSORcompwoutMop.fasta	Selected from DMSORcompwoutMop.fasta; original_header=DesulfofusglycoArrA	OK
ArrAArxA_Wells_008	DesulfonatronospthioArrA	Wells_et_al_reference	ArrAArxA	ArrAArxA	Wells_Dryad_DMSORcompwoutMop.fasta	Selected from DMSORcompwoutMop.fasta; original_header=DesulfonatronospthioArrA	OK
ArrAArxA_Wells_009	DesulfopilaestArrA	Wells_et_al_reference	ArrAArxA	ArrAArxA	Wells_Dryad_DMSORcompwoutMop.fasta	Selected from DMSORcompwoutMop.fasta; original_header=DesulfopilaestArrA	OK
ArrAArxA_Wells_010	DesulfoverhaloArrA	Wells_et_al_reference	ArrAArxA	ArrAArxA	Wells_Dryad_DMSORcompwoutMop.fasta	Selected from DMSORcompwoutMop.fasta; original_header=DesulfoverhaloArrA	OK
ArrAArxA_Wells_011	DesulfuriindiArrA	Wells_et_al_reference	ArrAArxA	ArrAArxA	Wells_Dryad_DMSORcompwoutMop.fasta	Selected from DMSORcompwoutMop.fasta; original_header=DesulfuriindiArrA	OK
ArrAArxA_Wells_012	DesulfurstibArrA1	Wells_et_al_reference	ArrAArxA	ArrAArxA	Wells_Dryad_DMSORcompwoutMop.fasta	Selected from DMSORcompwoutMop.fasta; original_header=DesulfurstibArrA1	OK
ArrAArxA_Wells_013	FerrisediArrA	Wells_et_al_reference	ArrAArxA	ArrAArxA	Wells_Dryad_DMSORcompwoutMop.fasta	Selected from DMSORcompwoutMop.fasta; original_header=FerrisediArrA	OK
ArrAArxA_Wells_014	GeobacuranArrA	Wells_et_al_reference	ArrAArxA	ArrAArxA	Wells_Dryad_DMSORcompwoutMop.fasta	Selected from DMSORcompwoutMop.fasta; original_header=GeobacuranArrA	OK
ArrAArxA_Wells_015	HalobinitratArrA	Wells_et_al_reference	ArrAArxA	ArrAArxA	Wells_Dryad_DMSORcompwoutMop.fasta	Selected from DMSORcompwoutMop.fasta; original_header=HalobinitratArrA	OK
ArrAArxA_Wells_016	HalorhodhaloArrA	Wells_et_al_reference	ArrAArxA	ArrAArxA	Wells_Dryad_DMSORcompwoutMop.fasta	Selected from DMSORcompwoutMop.fasta; original_header=HalorhodhaloArrA	OK
ArrAArxA_Wells_017	MarinospcelereArrA	Wells_et_al_reference	ArrAArxA	ArrAArxA	Wells_Dryad_DMSORcompwoutMop.fasta	Selected from DMSORcompwoutMop.fasta; original_header=MarinospcelereArrA	OK
ArrAArxA_Wells_018	NatronogregArrA	Wells_et_al_reference	ArrAArxA	ArrAArxA	Wells_Dryad_DMSORcompwoutMop.fasta	Selected from DMSORcompwoutMop.fasta; original_header=NatronogregArrA	OK
ArrAArxA_Wells_019	PhotobacgangArrA	Wells_et_al_reference	ArrAArxA	ArrAArxA	Wells_Dryad_DMSORcompwoutMop.fasta	Selected from DMSORcompwoutMop.fasta; original_header=PhotobacgangArrA	OK
ArrAArxA_Wells_020	SelenihalshriftArrA	Wells_et_al_reference	ArrAArxA	ArrAArxA	Wells_Dryad_DMSORcompwoutMop.fasta	Selected from DMSORcompwoutMop.fasta; original_header=SelenihalshriftArrA	OK
ArrAArxA_Wells_021	ShewanputreArrA	Wells_et_al_reference	ArrAArxA	ArrAArxA	Wells_Dryad_DMSORcompwoutMop.fasta	Selected from DMSORcompwoutMop.fasta; original_header=ShewanputreArrA	OK
ArrAArxA_Wells_022	SulfurospmultiArrA	Wells_et_al_reference	ArrAArxA	ArrAArxA	Wells_Dryad_DMSORcompwoutMop.fasta	Selected from DMSORcompwoutMop.fasta; original_header=SulfurospmultiArrA	OK
ArrAArxA_Wells_023	ThioalkparaArrA	Wells_et_al_reference	ArrAArxA	ArrAArxA	Wells_Dryad_DMSORcompwoutMop.fasta	Selected from DMSORcompwoutMop.fasta; original_header=ThioalkparaArrA	OK
ArrAArxA_Wells_024	ThiocaproseaArrA	Wells_et_al_reference	ArrAArxA	ArrAArxA	Wells_Dryad_DMSORcompwoutMop.fasta	Selected from DMSORcompwoutMop.fasta; original_header=ThiocaproseaArrA	OK
ArrAArxA_Wells_025	WolinsuccArrA	Wells_et_al_reference	ArrAArxA	ArrAArxA	Wells_Dryad_DMSORcompwoutMop.fasta	Selected from DMSORcompwoutMop.fasta; original_header=WolinsuccArrA	OK
NapA_Wells_001	AcetonemlongNapA	Wells_et_al_reference	NapA	NapA	Wells_Dryad_DMSORcompwoutMop.fasta	Selected from DMSORcompwoutMop.fasta; original_header=AcetonemlongNapA	OK
NapA_Wells_002	AgarialbusNapA	Wells_et_al_reference	NapA	NapA	Wells_Dryad_DMSORcompwoutMop.fasta	Selected from DMSORcompwoutMop.fasta; original_header=AgarialbusNapA	OK
NapA_Wells_003	ArcoanaeroNapA	Wells_et_al_reference	NapA	NapA	Wells_Dryad_DMSORcompwoutMop.fasta	Selected from DMSORcompwoutMop.fasta; original_header=ArcoanaeroNapA	OK
NapA_Wells_004	AzoatoluclasNapA	Wells_et_al_reference	NapA	NapA	Wells_Dryad_DMSORcompwoutMop.fasta	Selected from DMSORcompwoutMop.fasta; original_header=AzoatoluclasNapA	OK
NapA_Wells_005	BosealathyNapA	Wells_et_al_reference	NapA	NapA	Wells_Dryad_DMSORcompwoutMop.fasta	Selected from DMSORcompwoutMop.fasta; original_header=BosealathyNapA	OK
NapA_Wells_006	CaminibacmediatlanNapA	Wells_et_al_reference	NapA	NapA	Wells_Dryad_DMSORcompwoutMop.fasta	Selected from DMSORcompwoutMop.fasta; original_header=CaminibacmediatlanNapA	OK
NapA_Wells_007	CitropasteurNapA	Wells_et_al_reference	NapA	NapA	Wells_Dryad_DMSORcompwoutMop.fasta	Selected from DMSORcompwoutMop.fasta; original_header=CitropasteurNapA	OK
NapA_Wells_008	DeferridesulfNapA	Wells_et_al_reference	NapA	NapA	Wells_Dryad_DMSORcompwoutMop.fasta	Selected from DMSORcompwoutMop.fasta; original_header=DeferridesulfNapA	OK
NapA_Wells_009	DesulfovfairNapA	Wells_et_al_reference	NapA	NapA	Wells_Dryad_DMSORcompwoutMop.fasta	Selected from DMSORcompwoutMop.fasta; original_header=DesulfovfairNapA	OK
NapA_Wells_010	EnterorhabcaecNapA	Wells_et_al_reference	NapA	NapA	Wells_Dryad_DMSORcompwoutMop.fasta	Selected from DMSORcompwoutMop.fasta; original_header=EnterorhabcaecNapA	OK
NapA_Wells_011	FlexisinuNapA	Wells_et_al_reference	NapA	NapA	Wells_Dryad_DMSORcompwoutMop.fasta	Selected from DMSORcompwoutMop.fasta; original_header=FlexisinuNapA	OK
NapA_Wells_012	GordonurolNapA	Wells_et_al_reference	NapA	NapA	Wells_Dryad_DMSORcompwoutMop.fasta	Selected from DMSORcompwoutMop.fasta; original_header=GordonurolNapA	OK
NapA_Wells_013	InhelinkyonNapA	Wells_et_al_reference	NapA	NapA	Wells_Dryad_DMSORcompwoutMop.fasta	Selected from DMSORcompwoutMop.fasta; original_header=InhelinkyonNapA	OK
NapA_Wells_014	LutiprofundiNapA	Wells_et_al_reference	NapA	NapA	Wells_Dryad_DMSORcompwoutMop.fasta	Selected from DMSORcompwoutMop.fasta; original_header=LutiprofundiNapA	OK
NapA_Wells_015	MitsuachitoNapA	Wells_et_al_reference	NapA	NapA	Wells_Dryad_DMSORcompwoutMop.fasta	Selected from DMSORcompwoutMop.fasta; original_header=MitsuachitoNapA	OK
NapA_Wells_016	ParaferrsedimenNapA	Wells_et_al_reference	NapA	NapA	Wells_Dryad_DMSORcompwoutMop.fasta	Selected from DMSORcompwoutMop.fasta; original_header=ParaferrsedimenNapA	OK
NapA_Wells_017	ProvidstuaNapA	Wells_et_al_reference	NapA	NapA	Wells_Dryad_DMSORcompwoutMop.fasta	Selected from DMSORcompwoutMop.fasta; original_header=ProvidstuaNapA	OK
NapA_Wells_018	RhodobacmegaloNapA	Wells_et_al_reference	NapA	NapA	Wells_Dryad_DMSORcompwoutMop.fasta	Selected from DMSORcompwoutMop.fasta; original_header=RhodobacmegaloNapA	OK
NapA_Wells_019	RubrivigelatiNapA	Wells_et_al_reference	NapA	NapA	Wells_Dryad_DMSORcompwoutMop.fasta	Selected from DMSORcompwoutMop.fasta; original_header=RubrivigelatiNapA	OK
NapA_Wells_020	ShewanmarinaNapA	Wells_et_al_reference	NapA	NapA	Wells_Dryad_DMSORcompwoutMop.fasta	Selected from DMSORcompwoutMop.fasta; original_header=ShewanmarinaNapA	OK
NapA_Wells_021	SphaerotilhippeiNapA	Wells_et_al_reference	NapA	NapA	Wells_Dryad_DMSORcompwoutMop.fasta	Selected from DMSORcompwoutMop.fasta; original_header=SphaerotilhippeiNapA	OK
NapA_Wells_022	SulfurisomsediminiNapA	Wells_et_al_reference	NapA	NapA	Wells_Dryad_DMSORcompwoutMop.fasta	Selected from DMSORcompwoutMop.fasta; original_header=SulfurisomsediminiNapA	OK
NapA_Wells_023	ThalassospirxiameNapA	Wells_et_al_reference	NapA	NapA	Wells_Dryad_DMSORcompwoutMop.fasta	Selected from DMSORcompwoutMop.fasta; original_header=ThalassospirxiameNapA	OK
NapA_Wells_024	VariosoliNapA	Wells_et_al_reference	NapA	NapA	Wells_Dryad_DMSORcompwoutMop.fasta	Selected from DMSORcompwoutMop.fasta; original_header=VariosoliNapA	OK
NapA_Wells_025	ZobeluligiNapA	Wells_et_al_reference	NapA	NapA	Wells_Dryad_DMSORcompwoutMop.fasta	Selected from DMSORcompwoutMop.fasta; original_header=ZobeluligiNapA	OK
NarG_Wells_001	AchromarsenNarG	Wells_et_al_reference	NarG	NarG	Wells_Dryad_DMSORcompwoutMop.fasta	Selected from DMSORcompwoutMop.fasta; original_header=AchromarsenNarG	OK
NarG_Wells_002	AlkaliehrliNarG	Wells_et_al_reference	NarG	NarG	Wells_Dryad_DMSORcompwoutMop.fasta	Selected from DMSORcompwoutMop.fasta; original_header=AlkaliehrliNarG	OK
NarG_Wells_003	ArthrobacsubteNarG	Wells_et_al_reference	NarG	NarG	Wells_Dryad_DMSORcompwoutMop.fasta	Selected from DMSORcompwoutMop.fasta; original_header=ArthrobacsubteNarG	OK
NarG_Wells_004	BreogcorruNarG	Wells_et_al_reference	NarG	NarG	Wells_Dryad_DMSORcompwoutMop.fasta	Selected from DMSORcompwoutMop.fasta; original_header=BreogcorruNarG	OK
NarG_Wells_005	ChitinigtaiwanNarG	Wells_et_al_reference	NarG	NarG	Wells_Dryad_DMSORcompwoutMop.fasta	Selected from DMSORcompwoutMop.fasta; original_header=ChitinigtaiwanNarG	OK
NarG_Wells_006	CupriaoxalatiNarG	Wells_et_al_reference	NarG	NarG	Wells_Dryad_DMSORcompwoutMop.fasta	Selected from DMSORcompwoutMop.fasta; original_header=CupriaoxalatiNarG	OK
NarG_Wells_007	DesulfovfairNarG	Wells_et_al_reference	NarG	NarG	Wells_Dryad_DMSORcompwoutMop.fasta	Selected from DMSORcompwoutMop.fasta; original_header=DesulfovfairNarG	OK
NarG_Wells_008	FilomicroinsigNarG	Wells_et_al_reference	NarG	NarG	Wells_Dryad_DMSORcompwoutMop.fasta	Selected from DMSORcompwoutMop.fasta; original_header=FilomicroinsigNarG	OK
NarG_Wells_009	GranuloantarctiNarG	Wells_et_al_reference	NarG	NarG	Wells_Dryad_DMSORcompwoutMop.fasta	Selected from DMSORcompwoutMop.fasta; original_header=GranuloantarctiNarG	OK
NarG_Wells_010	HalofermediterrNarG	Wells_et_al_reference	NarG	NarG	Wells_Dryad_DMSORcompwoutMop.fasta	Selected from DMSORcompwoutMop.fasta; original_header=HalofermediterrNarG	OK
NarG_Wells_011	HaloplanvescusNarG	Wells_et_al_reference	NarG	NarG	Wells_Dryad_DMSORcompwoutMop.fasta	Selected from DMSORcompwoutMop.fasta; original_header=HaloplanvescusNarG	OK
NarG_Wells_012	HumibacilxanthoNarG	Wells_et_al_reference	NarG	NarG	Wells_Dryad_DMSORcompwoutMop.fasta	Selected from DMSORcompwoutMop.fasta; original_header=HumibacilxanthoNarG	OK
NarG_Wells_013	MarinospalkaliNarG	Wells_et_al_reference	NarG	NarG	Wells_Dryad_DMSORcompwoutMop.fasta	Selected from DMSORcompwoutMop.fasta; original_header=MarinospalkaliNarG	OK
NarG_Wells_014	MethyloceaniNarG	Wells_et_al_reference	NarG	NarG	Wells_Dryad_DMSORcompwoutMop.fasta	Selected from DMSORcompwoutMop.fasta; original_header=MethyloceaniNarG	OK
NarG_Wells_015	MitsuomultaciNarG	Wells_et_al_reference	NarG	NarG	Wells_Dryad_DMSORcompwoutMop.fasta	Selected from DMSORcompwoutMop.fasta; original_header=MitsuomultaciNarG	OK
NarG_Wells_016	NocardviolaNarG	Wells_et_al_reference	NarG	NarG	Wells_Dryad_DMSORcompwoutMop.fasta	Selected from DMSORcompwoutMop.fasta; original_header=NocardviolaNarG	OK
NarG_Wells_017	PaenibacilthiaminoNarG	Wells_et_al_reference	NarG	NarG	Wells_Dryad_DMSORcompwoutMop.fasta	Selected from DMSORcompwoutMop.fasta; original_header=PaenibacilthiaminoNarG	OK
NarG_Wells_018	PolynucsinenNarG	Wells_et_al_reference	NarG	NarG	Wells_Dryad_DMSORcompwoutMop.fasta	Selected from DMSORcompwoutMop.fasta; original_header=PolynucsinenNarG	OK
NarG_Wells_019	PseudonocardcypriNarG	Wells_et_al_reference	NarG	NarG	Wells_Dryad_DMSORcompwoutMop.fasta	Selected from DMSORcompwoutMop.fasta; original_header=PseudonocardcypriNarG	OK
NarG_Wells_020	RhodococmaanNarG	Wells_et_al_reference	NarG	NarG	Wells_Dryad_DMSORcompwoutMop.fasta	Selected from DMSORcompwoutMop.fasta; original_header=RhodococmaanNarG	OK
NarG_Wells_021	SelenonoxiaNarG	Wells_et_al_reference	NarG	NarG	Wells_Dryad_DMSORcompwoutMop.fasta	Selected from DMSORcompwoutMop.fasta; original_header=SelenonoxiaNarG	OK
NarG_Wells_022	StreptomyindiNarG	Wells_et_al_reference	NarG	NarG	Wells_Dryad_DMSORcompwoutMop.fasta	Selected from DMSORcompwoutMop.fasta; original_header=StreptomyindiNarG	OK
NarG_Wells_023	ThermusscotNarG	Wells_et_al_reference	NarG	NarG	Wells_Dryad_DMSORcompwoutMop.fasta	Selected from DMSORcompwoutMop.fasta; original_header=ThermusscotNarG	OK
NarG_Wells_024	ThiothrcaldNarG	Wells_et_al_reference	NarG	NarG	Wells_Dryad_DMSORcompwoutMop.fasta	Selected from DMSORcompwoutMop.fasta; original_header=ThiothrcaldNarG	OK
NarG_Wells_025	ZhizhongcaldiNarG	Wells_et_al_reference	NarG	NarG	Wells_Dryad_DMSORcompwoutMop.fasta	Selected from DMSORcompwoutMop.fasta; original_header=ZhizhongcaldiNarG	OK
NasCNarB_Wells_001	AcinetoschinNasA	Wells_et_al_reference	NasCNarB	NasCNarB	Wells_Dryad_DMSORcompwoutMop.fasta	Selected from DMSORcompwoutMop.fasta; original_header=AcinetoschinNasA	OK
NasCNarB_Wells_002	AlgorimannitolNasC	Wells_et_al_reference	NasCNarB	NasCNarB	Wells_Dryad_DMSORcompwoutMop.fasta	Selected from DMSORcompwoutMop.fasta; original_header=AlgorimannitolNasC	OK
NasCNarB_Wells_003	AneurinibactyrosiniNasC	Wells_et_al_reference	NasCNarB	NasCNarB	Wells_Dryad_DMSORcompwoutMop.fasta	Selected from DMSORcompwoutMop.fasta; original_header=AneurinibactyrosiniNasC	OK
NasCNarB_Wells_004	BacilcereusNasC	Wells_et_al_reference	NasCNarB	NasCNarB	Wells_Dryad_DMSORcompwoutMop.fasta	Selected from DMSORcompwoutMop.fasta; original_header=BacilcereusNasC	OK
NasCNarB_Wells_005	BurkinsectNasA	Wells_et_al_reference	NasCNarB	NasCNarB	Wells_Dryad_DMSORcompwoutMop.fasta	Selected from DMSORcompwoutMop.fasta; original_header=BurkinsectNasA	OK
NasCNarB_Wells_006	ChitinigtaiwanNasA	Wells_et_al_reference	NasCNarB	NasCNarB	Wells_Dryad_DMSORcompwoutMop.fasta	Selected from DMSORcompwoutMop.fasta; original_header=ChitinigtaiwanNasA	OK
NasCNarB_Wells_007	CupriaoxalatiNasA	Wells_et_al_reference	NasCNarB	NasCNarB	Wells_Dryad_DMSORcompwoutMop.fasta	Selected from DMSORcompwoutMop.fasta; original_header=CupriaoxalatiNasA	OK
NasCNarB_Wells_008	DickeyadadanNasA	Wells_et_al_reference	NasCNarB	NasCNarB	Wells_Dryad_DMSORcompwoutMop.fasta	Selected from DMSORcompwoutMop.fasta; original_header=DickeyadadanNasA	OK
NasCNarB_Wells_009	EpibacmultiNasA	Wells_et_al_reference	NasCNarB	NasCNarB	Wells_Dryad_DMSORcompwoutMop.fasta	Selected from DMSORcompwoutMop.fasta; original_header=EpibacmultiNasA	OK
NasCNarB_Wells_010	FlavobacsucciniNasC	Wells_et_al_reference	NasCNarB	NasCNarB	Wells_Dryad_DMSORcompwoutMop.fasta	Selected from DMSORcompwoutMop.fasta; original_header=FlavobacsucciniNasC	OK
NasCNarB_Wells_011	HalofersulfuriNasC	Wells_et_al_reference	NasCNarB	NasCNarB	Wells_Dryad_DMSORcompwoutMop.fasta	Selected from DMSORcompwoutMop.fasta; original_header=HalofersulfuriNasC	OK
NasCNarB_Wells_012	Klebsipneu1NasA	Wells_et_al_reference	NasCNarB	NasCNarB	Wells_Dryad_DMSORcompwoutMop.fasta	Selected from DMSORcompwoutMop.fasta; original_header=Klebsipneu1NasA	OK
NasCNarB_Wells_013	MarinovumalgiNasA	Wells_et_al_reference	NasCNarB	NasCNarB	Wells_Dryad_DMSORcompwoutMop.fasta	Selected from DMSORcompwoutMop.fasta; original_header=MarinovumalgiNasA	OK
NasCNarB_Wells_014	MethylococccapsulNasA	Wells_et_al_reference	NasCNarB	NasCNarB	Wells_Dryad_DMSORcompwoutMop.fasta	Selected from DMSORcompwoutMop.fasta; original_header=MethylococccapsulNasA	OK
NasCNarB_Wells_015	MooreaproduNasC	Wells_et_al_reference	NasCNarB	NasCNarB	Wells_Dryad_DMSORcompwoutMop.fasta	Selected from DMSORcompwoutMop.fasta; original_header=MooreaproduNasC	OK
NasCNarB_Wells_016	PaenibacilbeijingNasC	Wells_et_al_reference	NasCNarB	NasCNarB	Wells_Dryad_DMSORcompwoutMop.fasta	Selected from DMSORcompwoutMop.fasta; original_header=PaenibacilbeijingNasC	OK
NasCNarB_Wells_017	ParacocpantoNasA	Wells_et_al_reference	NasCNarB	NasCNarB	Wells_Dryad_DMSORcompwoutMop.fasta	Selected from DMSORcompwoutMop.fasta; original_header=ParacocpantoNasA	OK
NasCNarB_Wells_018	PlantkotepidaNasC	Wells_et_al_reference	NasCNarB	NasCNarB	Wells_Dryad_DMSORcompwoutMop.fasta	Selected from DMSORcompwoutMop.fasta; original_header=PlantkotepidaNasC	OK
NasCNarB_Wells_019	PuniceisedimiNasA	Wells_et_al_reference	NasCNarB	NasCNarB	Wells_Dryad_DMSORcompwoutMop.fasta	Selected from DMSORcompwoutMop.fasta; original_header=PuniceisedimiNasA	OK
NasCNarB_Wells_020	SalipaneizhouNasC	Wells_et_al_reference	NasCNarB	NasCNarB	Wells_Dryad_DMSORcompwoutMop.fasta	Selected from DMSORcompwoutMop.fasta; original_header=SalipaneizhouNasC	OK
NasCNarB_Wells_021	SphaerospermkisselNasC	Wells_et_al_reference	NasCNarB	NasCNarB	Wells_Dryad_DMSORcompwoutMop.fasta	Selected from DMSORcompwoutMop.fasta; original_header=SphaerospermkisselNasC	OK
NasCNarB_Wells_022	ThalassobacdevorNasC	Wells_et_al_reference	NasCNarB	NasCNarB	Wells_Dryad_DMSORcompwoutMop.fasta	Selected from DMSORcompwoutMop.fasta; original_header=ThalassobacdevorNasC	OK
NasCNarB_Wells_023	ThiocalpaciNasA	Wells_et_al_reference	NasCNarB	NasCNarB	Wells_Dryad_DMSORcompwoutMop.fasta	Selected from DMSORcompwoutMop.fasta; original_header=ThiocalpaciNasA	OK
NasCNarB_Wells_024	TrichoerythraeNasC	Wells_et_al_reference	NasCNarB	NasCNarB	Wells_Dryad_DMSORcompwoutMop.fasta	Selected from DMSORcompwoutMop.fasta; original_header=TrichoerythraeNasC	OK
NasCNarB_Wells_025	ZoogloramiNasA	Wells_et_al_reference	NasCNarB	NasCNarB	Wells_Dryad_DMSORcompwoutMop.fasta	Selected from DMSORcompwoutMop.fasta; original_header=ZoogloramiNasA	OK
AioAIdrA_Wells_001	AchromarsenAioA	Wells_et_al_reference	AioAIdrA	AioAIdrA	Wells_Dryad_DMSORcompwoutMop.fasta	Selected from DMSORcompwoutMop.fasta; original_header=AchromarsenAioA	OK
AioAIdrA_Wells_002	AgrobactumeAioA	Wells_et_al_reference	AioAIdrA	AioAIdrA	Wells_Dryad_DMSORcompwoutMop.fasta	Selected from DMSORcompwoutMop.fasta; original_header=AgrobactumeAioA	OK
AioAIdrA_Wells_003	AmorphcoralAioA	Wells_et_al_reference	AioAIdrA	AioAIdrA	Wells_Dryad_DMSORcompwoutMop.fasta	Selected from DMSORcompwoutMop.fasta; original_header=AmorphcoralAioA	OK
AioAIdrA_Wells_004	AzospirlipoAioA	Wells_et_al_reference	AioAIdrA	AioAIdrA	Wells_Dryad_DMSORcompwoutMop.fasta	Selected from DMSORcompwoutMop.fasta; original_header=AzospirlipoAioA	OK
AioAIdrA_Wells_005	BurkpseudoAioA	Wells_et_al_reference	AioAIdrA	AioAIdrA	Wells_Dryad_DMSORcompwoutMop.fasta	Selected from DMSORcompwoutMop.fasta; original_header=BurkpseudoAioA	OK
AioAIdrA_Wells_006	CaulobacsegnisAioA	Wells_et_al_reference	AioAIdrA	AioAIdrA	Wells_Dryad_DMSORcompwoutMop.fasta	Selected from DMSORcompwoutMop.fasta; original_header=CaulobacsegnisAioA	OK
AioAIdrA_Wells_007	ChloroflexaggreAioA	Wells_et_al_reference	AioAIdrA	AioAIdrA	Wells_Dryad_DMSORcompwoutMop.fasta	Selected from DMSORcompwoutMop.fasta; original_header=ChloroflexaggreAioA	OK
AioAIdrA_Wells_008	CupriabasilAioA	Wells_et_al_reference	AioAIdrA	AioAIdrA	Wells_Dryad_DMSORcompwoutMop.fasta	Selected from DMSORcompwoutMop.fasta; original_header=CupriabasilAioA	OK
AioAIdrA_Wells_009	FodinifengAioA	Wells_et_al_reference	AioAIdrA	AioAIdrA	Wells_Dryad_DMSORcompwoutMop.fasta	Selected from DMSORcompwoutMop.fasta; original_header=FodinifengAioA	OK
AioAIdrA_Wells_010	HalorutebenAioA	Wells_et_al_reference	AioAIdrA	AioAIdrA	Wells_Dryad_DMSORcompwoutMop.fasta	Selected from DMSORcompwoutMop.fasta; original_header=HalorutebenAioA	OK
AioAIdrA_Wells_011	HydrogenicaldiAioA	Wells_et_al_reference	AioAIdrA	AioAIdrA	Wells_Dryad_DMSORcompwoutMop.fasta	Selected from DMSORcompwoutMop.fasta; original_header=HydrogenicaldiAioA	OK
AioAIdrA_Wells_012	MesorhizoalhagiAioA	Wells_et_al_reference	AioAIdrA	AioAIdrA	Wells_Dryad_DMSORcompwoutMop.fasta	Selected from DMSORcompwoutMop.fasta; original_header=MesorhizoalhagiAioA	OK
AioAIdrA_Wells_013	MicrovirossetAioA	Wells_et_al_reference	AioAIdrA	AioAIdrA	Wells_Dryad_DMSORcompwoutMop.fasta	Selected from DMSORcompwoutMop.fasta; original_header=MicrovirossetAioA	OK
AioAIdrA_Wells_014	OceanicelactiAioA	Wells_et_al_reference	AioAIdrA	AioAIdrA	Wells_Dryad_DMSORcompwoutMop.fasta	Selected from DMSORcompwoutMop.fasta; original_header=OceanicelactiAioA	OK
AioAIdrA_Wells_015	ParaburkphenaAioA	Wells_et_al_reference	AioAIdrA	AioAIdrA	Wells_Dryad_DMSORcompwoutMop.fasta	Selected from DMSORcompwoutMop.fasta; original_header=ParaburkphenaAioA	OK
AioAIdrA_Wells_016	PolymorphgilvumAioA	Wells_et_al_reference	AioAIdrA	AioAIdrA	Wells_Dryad_DMSORcompwoutMop.fasta	Selected from DMSORcompwoutMop.fasta; original_header=PolymorphgilvumAioA	OK
AioAIdrA_Wells_017	PseudorueglutiAioA	Wells_et_al_reference	AioAIdrA	AioAIdrA	Wells_Dryad_DMSORcompwoutMop.fasta	Selected from DMSORcompwoutMop.fasta; original_header=PseudorueglutiAioA	OK
AioAIdrA_Wells_018	RalstonsolanaAioA	Wells_et_al_reference	AioAIdrA	AioAIdrA	Wells_Dryad_DMSORcompwoutMop.fasta	Selected from DMSORcompwoutMop.fasta; original_header=RalstonsolanaAioA	OK
AioAIdrA_Wells_019	RhodoferferriAioA	Wells_et_al_reference	AioAIdrA	AioAIdrA	Wells_Dryad_DMSORcompwoutMop.fasta	Selected from DMSORcompwoutMop.fasta; original_header=RhodoferferriAioA	OK
AioAIdrA_Wells_020	RoseocerviAioA	Wells_et_al_reference	AioAIdrA	AioAIdrA	Wells_Dryad_DMSORcompwoutMop.fasta	Selected from DMSORcompwoutMop.fasta; original_header=RoseocerviAioA	OK
AioAIdrA_Wells_021	StarknovelAioA	Wells_et_al_reference	AioAIdrA	AioAIdrA	Wells_Dryad_DMSORcompwoutMop.fasta	Selected from DMSORcompwoutMop.fasta; original_header=StarknovelAioA	OK
AioAIdrA_Wells_022	ThalassobigelatiniAioA	Wells_et_al_reference	AioAIdrA	AioAIdrA	Wells_Dryad_DMSORcompwoutMop.fasta	Selected from DMSORcompwoutMop.fasta; original_header=ThalassobigelatiniAioA	OK
AioAIdrA_Wells_023	ThermusscotAioA	Wells_et_al_reference	AioAIdrA	AioAIdrA	Wells_Dryad_DMSORcompwoutMop.fasta	Selected from DMSORcompwoutMop.fasta; original_header=ThermusscotAioA	OK
AioAIdrA_Wells_024	ThiomoninterAioA	Wells_et_al_reference	AioAIdrA	AioAIdrA	Wells_Dryad_DMSORcompwoutMop.fasta	Selected from DMSORcompwoutMop.fasta; original_header=ThiomoninterAioA	OK
AioAIdrA_Wells_025	XanthobacautoAioA	Wells_et_al_reference	AioAIdrA	AioAIdrA	Wells_Dryad_DMSORcompwoutMop.fasta	Selected from DMSORcompwoutMop.fasta; original_header=XanthobacautoAioA	OK
ActB_Wells_001	AcidipildingActB	Wells_et_al_reference	ActB	ActB	Wells_Dryad_DMSORcompwoutMop.fasta	Selected from DMSORcompwoutMop.fasta; original_header=AcidipildingActB	OK
ActB_Wells_002	ArchangephyActB	Wells_et_al_reference	ActB	ActB	Wells_Dryad_DMSORcompwoutMop.fasta	Selected from DMSORcompwoutMop.fasta; original_header=ArchangephyActB	OK
ActB_Wells_003	BradyrhizomacuActB	Wells_et_al_reference	ActB	ActB	Wells_Dryad_DMSORcompwoutMop.fasta	Selected from DMSORcompwoutMop.fasta; original_header=BradyrhizomacuActB	OK
ActB_Wells_004	CellulotyroActB	Wells_et_al_reference	ActB	ActB	Wells_Dryad_DMSORcompwoutMop.fasta	Selected from DMSORcompwoutMop.fasta; original_header=CellulotyroActB	OK
ActB_Wells_005	CoralioakaiiActB	Wells_et_al_reference	ActB	ActB	Wells_Dryad_DMSORcompwoutMop.fasta	Selected from DMSORcompwoutMop.fasta; original_header=CoralioakaiiActB	OK
ActB_Wells_006	CupriapinatuActB	Wells_et_al_reference	ActB	ActB	Wells_Dryad_DMSORcompwoutMop.fasta	Selected from DMSORcompwoutMop.fasta; original_header=CupriapinatuActB	OK
ActB_Wells_007	EnhygrosalinaActB	Wells_et_al_reference	ActB	ActB	Wells_Dryad_DMSORcompwoutMop.fasta	Selected from DMSORcompwoutMop.fasta; original_header=EnhygrosalinaActB	OK
ActB_Wells_008	GeobacbemidjienActB	Wells_et_al_reference	ActB	ActB	Wells_Dryad_DMSORcompwoutMop.fasta	Selected from DMSORcompwoutMop.fasta; original_header=GeobacbemidjienActB	OK
ActB_Wells_009	GlacieamyloActB	Wells_et_al_reference	ActB	ActB	Wells_Dryad_DMSORcompwoutMop.fasta	Selected from DMSORcompwoutMop.fasta; original_header=GlacieamyloActB	OK
ActB_Wells_010	HalomonmuralActB	Wells_et_al_reference	ActB	ActB	Wells_Dryad_DMSORcompwoutMop.fasta	Selected from DMSORcompwoutMop.fasta; original_header=HalomonmuralActB	OK
ActB_Wells_011	LeptospmeyerActB	Wells_et_al_reference	ActB	ActB	Wells_Dryad_DMSORcompwoutMop.fasta	Selected from DMSORcompwoutMop.fasta; original_header=LeptospmeyerActB	OK
ActB_Wells_012	MariluteusActB	Wells_et_al_reference	ActB	ActB	Wells_Dryad_DMSORcompwoutMop.fasta	Selected from DMSORcompwoutMop.fasta; original_header=MariluteusActB	OK
ActB_Wells_013	MassiliaputidActB	Wells_et_al_reference	ActB	ActB	Wells_Dryad_DMSORcompwoutMop.fasta	Selected from DMSORcompwoutMop.fasta; original_header=MassiliaputidActB	OK
ActB_Wells_014	MethylacidikamchaActB	Wells_et_al_reference	ActB	ActB	Wells_Dryad_DMSORcompwoutMop.fasta	Selected from DMSORcompwoutMop.fasta; original_header=MethylacidikamchaActB	OK
ActB_Wells_015	MicrovirlotonoActB	Wells_et_al_reference	ActB	ActB	Wells_Dryad_DMSORcompwoutMop.fasta	Selected from DMSORcompwoutMop.fasta; original_header=MicrovirlotonoActB	OK
ActB_Wells_016	MyxofulvusActB	Wells_et_al_reference	ActB	ActB	Wells_Dryad_DMSORcompwoutMop.fasta	Selected from DMSORcompwoutMop.fasta; original_header=MyxofulvusActB	OK
ActB_Wells_017	Nitrospiramaz1ActB	Wells_et_al_reference	ActB	ActB	Wells_Dryad_DMSORcompwoutMop.fasta	Selected from DMSORcompwoutMop.fasta; original_header=Nitrospiramaz1ActB	OK
ActB_Wells_018	ParaburkdiazotrophActB	Wells_et_al_reference	ActB	ActB	Wells_Dryad_DMSORcompwoutMop.fasta	Selected from DMSORcompwoutMop.fasta; original_header=ParaburkdiazotrophActB	OK
ActB_Wells_019	PlanctopilimnoActB	Wells_et_al_reference	ActB	ActB	Wells_Dryad_DMSORcompwoutMop.fasta	Selected from DMSORcompwoutMop.fasta; original_header=PlanctopilimnoActB	OK
ActB_Wells_020	PyrinomethylActB	Wells_et_al_reference	ActB	ActB	Wells_Dryad_DMSORcompwoutMop.fasta	Selected from DMSORcompwoutMop.fasta; original_header=PyrinomethylActB	OK
ActB_Wells_021	RobiginbiformActB	Wells_et_al_reference	ActB	ActB	Wells_Dryad_DMSORcompwoutMop.fasta	Selected from DMSORcompwoutMop.fasta; original_header=RobiginbiformActB	OK
ActB_Wells_022	RubripirtenaxActB	Wells_et_al_reference	ActB	ActB	Wells_Dryad_DMSORcompwoutMop.fasta	Selected from DMSORcompwoutMop.fasta; original_header=RubripirtenaxActB	OK
ActB_Wells_023	SinomicropectinActB	Wells_et_al_reference	ActB	ActB	Wells_Dryad_DMSORcompwoutMop.fasta	Selected from DMSORcompwoutMop.fasta; original_header=SinomicropectinActB	OK
ActB_Wells_024	ThermogutterriActB	Wells_et_al_reference	ActB	ActB	Wells_Dryad_DMSORcompwoutMop.fasta	Selected from DMSORcompwoutMop.fasta; original_header=ThermogutterriActB	OK
ActB_Wells_025	ZobeluligiActB	Wells_et_al_reference	ActB	ActB	Wells_Dryad_DMSORcompwoutMop.fasta	Selected from DMSORcompwoutMop.fasta; original_header=ZobeluligiActB	OK
AH_Wells_001	AlbimonpaciAH	Wells_et_al_reference	AH	AH	Wells_Dryad_DMSORcompwoutMop.fasta	Selected from DMSORcompwoutMop.fasta; original_header=AlbimonpaciAH	OK
AH_Wells_002	ArchaefulgAH	Wells_et_al_reference	AH	AH	Wells_Dryad_DMSORcompwoutMop.fasta	Selected from DMSORcompwoutMop.fasta; original_header=ArchaefulgAH	OK
AH_Wells_003	CongrelitorAH	Wells_et_al_reference	AH	AH	Wells_Dryad_DMSORcompwoutMop.fasta	Selected from DMSORcompwoutMop.fasta; original_header=CongrelitorAH	OK
AH_Wells_004	DesulfonatrohydrogenAH	Wells_et_al_reference	AH	AH	Wells_Dryad_DMSORcompwoutMop.fasta	Selected from DMSORcompwoutMop.fasta; original_header=DesulfonatrohydrogenAH	OK
AH_Wells_005	DesulfonatromagnAH	Wells_et_al_reference	AH	AH	Wells_Dryad_DMSORcompwoutMop.fasta	Selected from DMSORcompwoutMop.fasta; original_header=DesulfonatromagnAH	OK
AH_Wells_006	DesulfopilaestAH	Wells_et_al_reference	AH	AH	Wells_Dryad_DMSORcompwoutMop.fasta	Selected from DMSORcompwoutMop.fasta; original_header=DesulfopilaestAH	OK
AH_Wells_007	DesulforhosignaAH	Wells_et_al_reference	AH	AH	Wells_Dryad_DMSORcompwoutMop.fasta	Selected from DMSORcompwoutMop.fasta; original_header=DesulforhosignaAH	OK
AH_Wells_008	DesulfovoxycliAH	Wells_et_al_reference	AH	AH	Wells_Dryad_DMSORcompwoutMop.fasta	Selected from DMSORcompwoutMop.fasta; original_header=DesulfovoxycliAH	OK
AH_Wells_009	FerroglobplacidAH	Wells_et_al_reference	AH	AH	Wells_Dryad_DMSORcompwoutMop.fasta	Selected from DMSORcompwoutMop.fasta; original_header=FerroglobplacidAH	OK
AH_Wells_010	GeobaclovleAH	Wells_et_al_reference	AH	AH	Wells_Dryad_DMSORcompwoutMop.fasta	Selected from DMSORcompwoutMop.fasta; original_header=GeobaclovleAH	OK
AH_Wells_011	HydrogenophapalleAH	Wells_et_al_reference	AH	AH	Wells_Dryad_DMSORcompwoutMop.fasta	Selected from DMSORcompwoutMop.fasta; original_header=HydrogenophapalleAH	OK
AH_Wells_012	IlumaflumiAH	Wells_et_al_reference	AH	AH	Wells_Dryad_DMSORcompwoutMop.fasta	Selected from DMSORcompwoutMop.fasta; original_header=IlumaflumiAH	OK
AH_Wells_013	Kuenenstuttgar1AH	Wells_et_al_reference	AH	AH	Wells_Dryad_DMSORcompwoutMop.fasta	Selected from DMSORcompwoutMop.fasta; original_header=Kuenenstuttgar1AH	OK
AH_Wells_014	MethylioleiAH	Wells_et_al_reference	AH	AH	Wells_Dryad_DMSORcompwoutMop.fasta	Selected from DMSORcompwoutMop.fasta; original_header=MethylioleiAH	OK
AH_Wells_015	MethylomonlentaAH	Wells_et_al_reference	AH	AH	Wells_Dryad_DMSORcompwoutMop.fasta	Selected from DMSORcompwoutMop.fasta; original_header=MethylomonlentaAH	OK
AH_Wells_016	MethylomonmethanAH	Wells_et_al_reference	AH	AH	Wells_Dryad_DMSORcompwoutMop.fasta	Selected from DMSORcompwoutMop.fasta; original_header=MethylomonmethanAH	OK
AH_Wells_017	NevskiramoAH	Wells_et_al_reference	AH	AH	Wells_Dryad_DMSORcompwoutMop.fasta	Selected from DMSORcompwoutMop.fasta; original_header=NevskiramoAH	OK
AH_Wells_018	PelobacacetylenAH	Wells_et_al_reference	AH	AH	Wells_Dryad_DMSORcompwoutMop.fasta	Selected from DMSORcompwoutMop.fasta; original_header=PelobacacetylenAH	OK
AH_Wells_019	PelobacselenAH	Wells_et_al_reference	AH	AH	Wells_Dryad_DMSORcompwoutMop.fasta	Selected from DMSORcompwoutMop.fasta; original_header=PelobacselenAH	OK
AH_Wells_020	PhaeomariectoAH	Wells_et_al_reference	AH	AH	Wells_Dryad_DMSORcompwoutMop.fasta	Selected from DMSORcompwoutMop.fasta; original_header=PhaeomariectoAH	OK
AH_Wells_021	PolycycloalgiAH	Wells_et_al_reference	AH	AH	Wells_Dryad_DMSORcompwoutMop.fasta	Selected from DMSORcompwoutMop.fasta; original_header=PolycycloalgiAH	OK
AH_Wells_022	SolimonaquaAH	Wells_et_al_reference	AH	AH	Wells_Dryad_DMSORcompwoutMop.fasta	Selected from DMSORcompwoutMop.fasta; original_header=SolimonaquaAH	OK
AH_Wells_023	ThermoacetophaeumAH	Wells_et_al_reference	AH	AH	Wells_Dryad_DMSORcompwoutMop.fasta	Selected from DMSORcompwoutMop.fasta; original_header=ThermoacetophaeumAH	OK
AH_Wells_024	ThiomarnelsonAH	Wells_et_al_reference	AH	AH	Wells_Dryad_DMSORcompwoutMop.fasta	Selected from DMSORcompwoutMop.fasta; original_header=ThiomarnelsonAH	OK
AH_Wells_025	YoonsedimiAH	Wells_et_al_reference	AH	AH	Wells_Dryad_DMSORcompwoutMop.fasta	Selected from DMSORcompwoutMop.fasta; original_header=YoonsedimiAH	OK
FdhG_Wells_001	ActinobacsuccinoFdhN	Wells_et_al_reference	FdhG	FdhG	Wells_Dryad_DMSORcompwoutMop.fasta	Selected from DMSORcompwoutMop.fasta; original_header=ActinobacsuccinoFdhN	OK
FdhG_Wells_002	ArchaevenefiFdhN	Wells_et_al_reference	FdhG	FdhG	Wells_Dryad_DMSORcompwoutMop.fasta	Selected from DMSORcompwoutMop.fasta; original_header=ArchaevenefiFdhN	OK
FdhG_Wells_003	BacilmediterFdhN	Wells_et_al_reference	FdhG	FdhG	Wells_Dryad_DMSORcompwoutMop.fasta	Selected from DMSORcompwoutMop.fasta; original_header=BacilmediterFdhN	OK
FdhG_Wells_004	BradyrhizocanariFdhN	Wells_et_al_reference	FdhG	FdhG	Wells_Dryad_DMSORcompwoutMop.fasta	Selected from DMSORcompwoutMop.fasta; original_header=BradyrhizocanariFdhN	OK
FdhG_Wells_005	CarbferrFdhN	Wells_et_al_reference	FdhG	FdhG	Wells_Dryad_DMSORcompwoutMop.fasta	Selected from DMSORcompwoutMop.fasta; original_header=CarbferrFdhN	OK
FdhG_Wells_006	ConsosalsiFdhN	Wells_et_al_reference	FdhG	FdhG	Wells_Dryad_DMSORcompwoutMop.fasta	Selected from DMSORcompwoutMop.fasta; original_header=ConsosalsiFdhN	OK
FdhG_Wells_007	DesulfalgibsonFdhN	Wells_et_al_reference	FdhG	FdhG	Wells_Dryad_DMSORcompwoutMop.fasta	Selected from DMSORcompwoutMop.fasta; original_header=DesulfalgibsonFdhN	OK
FdhG_Wells_008	DesulfohaloretbaenFdhN	Wells_et_al_reference	FdhG	FdhG	Wells_Dryad_DMSORcompwoutMop.fasta	Selected from DMSORcompwoutMop.fasta; original_header=DesulfohaloretbaenFdhN	OK
FdhG_Wells_009	DesulfosomacaldarFdhN	Wells_et_al_reference	FdhG	FdhG	Wells_Dryad_DMSORcompwoutMop.fasta	Selected from DMSORcompwoutMop.fasta; original_header=DesulfosomacaldarFdhN	OK
FdhG_Wells_010	DesulfuralkaFdhN	Wells_et_al_reference	FdhG	FdhG	Wells_Dryad_DMSORcompwoutMop.fasta	Selected from DMSORcompwoutMop.fasta; original_header=DesulfuralkaFdhN	OK
FdhG_Wells_011	EnsiferaridiFdhN	Wells_et_al_reference	FdhG	FdhG	Wells_Dryad_DMSORcompwoutMop.fasta	Selected from DMSORcompwoutMop.fasta; original_header=EnsiferaridiFdhN	OK
FdhG_Wells_012	GeobacbemidjienFdhN	Wells_et_al_reference	FdhG	FdhG	Wells_Dryad_DMSORcompwoutMop.fasta	Selected from DMSORcompwoutMop.fasta; original_header=GeobacbemidjienFdhN	OK
FdhG_Wells_013	HaematobacmassiliFdhN	Wells_et_al_reference	FdhG	FdhG	Wells_Dryad_DMSORcompwoutMop.fasta	Selected from DMSORcompwoutMop.fasta; original_header=HaematobacmassiliFdhN	OK
FdhG_Wells_014	KingelnegeveFdhN	Wells_et_al_reference	FdhG	FdhG	Wells_Dryad_DMSORcompwoutMop.fasta	Selected from DMSORcompwoutMop.fasta; original_header=KingelnegeveFdhN	OK
FdhG_Wells_015	MethyloterrioryzaFdhN	Wells_et_al_reference	FdhG	FdhG	Wells_Dryad_DMSORcompwoutMop.fasta	Selected from DMSORcompwoutMop.fasta; original_header=MethyloterrioryzaFdhN	OK
FdhG_Wells_016	MycolicibacgoodFdhN	Wells_et_al_reference	FdhG	FdhG	Wells_Dryad_DMSORcompwoutMop.fasta	Selected from DMSORcompwoutMop.fasta; original_header=MycolicibacgoodFdhN	OK
FdhG_Wells_017	ParaburknodosaFdhN	Wells_et_al_reference	FdhG	FdhG	Wells_Dryad_DMSORcompwoutMop.fasta	Selected from DMSORcompwoutMop.fasta; original_header=ParaburknodosaFdhN	OK
FdhG_Wells_018	PhyllobacbourgoFdhN	Wells_et_al_reference	FdhG	FdhG	Wells_Dryad_DMSORcompwoutMop.fasta	Selected from DMSORcompwoutMop.fasta; original_header=PhyllobacbourgoFdhN	OK
FdhG_Wells_019	PseudomonnitroredFdhN	Wells_et_al_reference	FdhG	FdhG	Wells_Dryad_DMSORcompwoutMop.fasta	Selected from DMSORcompwoutMop.fasta; original_header=PseudomonnitroredFdhN	OK
FdhG_Wells_020	SerratficariFdhN	Wells_et_al_reference	FdhG	FdhG	Wells_Dryad_DMSORcompwoutMop.fasta	Selected from DMSORcompwoutMop.fasta; original_header=SerratficariFdhN	OK
FdhG_Wells_021	SphaerotilhippeiFdhN	Wells_et_al_reference	FdhG	FdhG	Wells_Dryad_DMSORcompwoutMop.fasta	Selected from DMSORcompwoutMop.fasta; original_header=SphaerotilhippeiFdhN	OK
FdhG_Wells_022	SyntrophomonwolfeiFdhN	Wells_et_al_reference	FdhG	FdhG	Wells_Dryad_DMSORcompwoutMop.fasta	Selected from DMSORcompwoutMop.fasta; original_header=SyntrophomonwolfeiFdhN	OK
FdhG_Wells_023	ThermincopotensFdhN	Wells_et_al_reference	FdhG	FdhG	Wells_Dryad_DMSORcompwoutMop.fasta	Selected from DMSORcompwoutMop.fasta; original_header=ThermincopotensFdhN	OK
FdhG_Wells_024	ThermovibguaymaFdhN	Wells_et_al_reference	FdhG	FdhG	Wells_Dryad_DMSORcompwoutMop.fasta	Selected from DMSORcompwoutMop.fasta; original_header=ThermovibguaymaFdhN	OK
FdhG_Wells_025	YersinruckerFdhN	Wells_et_al_reference	FdhG	FdhG	Wells_Dryad_DMSORcompwoutMop.fasta	Selected from DMSORcompwoutMop.fasta; original_header=YersinruckerFdhN	OK
FdhsFsdA_Wells_001	AchromarsenFdhNAD	Wells_et_al_reference	FdhsFsdA	FdhsFsdA	Wells_Dryad_DMSORcompwoutMop.fasta	Selected from DMSORcompwoutMop.fasta; original_header=AchromarsenFdhNAD	OK
FdhsFsdA_Wells_002	AllosalinalopnoreFdhNAD	Wells_et_al_reference	FdhsFsdA	FdhsFsdA	Wells_Dryad_DMSORcompwoutMop.fasta	Selected from DMSORcompwoutMop.fasta; original_header=AllosalinalopnoreFdhNAD	OK
FdhsFsdA_Wells_003	AquimarmegaFdhNAD	Wells_et_al_reference	FdhsFsdA	FdhsFsdA	Wells_Dryad_DMSORcompwoutMop.fasta	Selected from DMSORcompwoutMop.fasta; original_header=AquimarmegaFdhNAD	OK
FdhsFsdA_Wells_004	BradyrhizoerythroFdhNAD	Wells_et_al_reference	FdhsFsdA	FdhsFsdA	Wells_Dryad_DMSORcompwoutMop.fasta	Selected from DMSORcompwoutMop.fasta; original_header=BradyrhizoerythroFdhNAD	OK
FdhsFsdA_Wells_005	CavvibacpharyngoFdhNAD	Wells_et_al_reference	FdhsFsdA	FdhsFsdA	Wells_Dryad_DMSORcompwoutMop.fasta	Selected from DMSORcompwoutMop.fasta; original_header=CavvibacpharyngoFdhNAD	OK
FdhsFsdA_Wells_006	Cryptocurt1FdhNAD	Wells_et_al_reference	FdhsFsdA	FdhsFsdA	Wells_Dryad_DMSORcompwoutMop.fasta	Selected from DMSORcompwoutMop.fasta; original_header=Cryptocurt1FdhNAD	OK
FdhsFsdA_Wells_007	DesulfatibacilalkeniFdhNAD	Wells_et_al_reference	FdhsFsdA	FdhsFsdA	Wells_Dryad_DMSORcompwoutMop.fasta	Selected from DMSORcompwoutMop.fasta; original_header=DesulfatibacilalkeniFdhNAD	OK
FdhsFsdA_Wells_008	DesulfofunthermocisFdhNAD	Wells_et_al_reference	FdhsFsdA	FdhsFsdA	Wells_Dryad_DMSORcompwoutMop.fasta	Selected from DMSORcompwoutMop.fasta; original_header=DesulfofunthermocisFdhNAD	OK
FdhsFsdA_Wells_009	DesulfurisporthermoFdhNAD	Wells_et_al_reference	FdhsFsdA	FdhsFsdA	Wells_Dryad_DMSORcompwoutMop.fasta	Selected from DMSORcompwoutMop.fasta; original_header=DesulfurisporthermoFdhNAD	OK
FdhsFsdA_Wells_010	GeosporobacsubtFdhNAD	Wells_et_al_reference	FdhsFsdA	FdhsFsdA	Wells_Dryad_DMSORcompwoutMop.fasta	Selected from DMSORcompwoutMop.fasta; original_header=GeosporobacsubtFdhNAD	OK
FdhsFsdA_Wells_011	HalogeolimiFdhNAD	Wells_et_al_reference	FdhsFsdA	FdhsFsdA	Wells_Dryad_DMSORcompwoutMop.fasta	Selected from DMSORcompwoutMop.fasta; original_header=HalogeolimiFdhNAD	OK
FdhsFsdA_Wells_012	LeisingaquaFdhNAD	Wells_et_al_reference	FdhsFsdA	FdhsFsdA	Wells_Dryad_DMSORcompwoutMop.fasta	Selected from DMSORcompwoutMop.fasta; original_header=LeisingaquaFdhNAD	OK
FdhsFsdA_Wells_013	Methanobacformici1FdhF420	Wells_et_al_reference	FdhsFsdA	FdhsFsdA	Wells_Dryad_DMSORcompwoutMop.fasta	Selected from DMSORcompwoutMop.fasta; original_header=Methanobacformici1FdhF420	OK
FdhsFsdA_Wells_014	MethanocullmarisFdhF420	Wells_et_al_reference	FdhsFsdA	FdhsFsdA	Wells_Dryad_DMSORcompwoutMop.fasta	Selected from DMSORcompwoutMop.fasta; original_header=MethanocullmarisFdhF420	OK
FdhsFsdA_Wells_015	MethanothermowolfeiiFdhF420	Wells_et_al_reference	FdhsFsdA	FdhsFsdA	Wells_Dryad_DMSORcompwoutMop.fasta	Selected from DMSORcompwoutMop.fasta; original_header=MethanothermowolfeiiFdhF420	OK
FdhsFsdA_Wells_016	MethylomonkoyaFdhNAD	Wells_et_al_reference	FdhsFsdA	FdhsFsdA	Wells_Dryad_DMSORcompwoutMop.fasta	Selected from DMSORcompwoutMop.fasta; original_header=MethylomonkoyaFdhNAD	OK
FdhsFsdA_Wells_017	NatronocojeotFdhNAD	Wells_et_al_reference	FdhsFsdA	FdhsFsdA	Wells_Dryad_DMSORcompwoutMop.fasta	Selected from DMSORcompwoutMop.fasta; original_header=NatronocojeotFdhNAD	OK
FdhsFsdA_Wells_018	PaludibacyongneuFdhH	Wells_et_al_reference	FdhsFsdA	FdhsFsdA	Wells_Dryad_DMSORcompwoutMop.fasta	Selected from DMSORcompwoutMop.fasta; original_header=PaludibacyongneuFdhH	OK
FdhsFsdA_Wells_019	PelosinfermentFdhH	Wells_et_al_reference	FdhsFsdA	FdhsFsdA	Wells_Dryad_DMSORcompwoutMop.fasta	Selected from DMSORcompwoutMop.fasta; original_header=PelosinfermentFdhH	OK
FdhsFsdA_Wells_020	PseudonocardthermoFdhNAD	Wells_et_al_reference	FdhsFsdA	FdhsFsdA	Wells_Dryad_DMSORcompwoutMop.fasta	Selected from DMSORcompwoutMop.fasta; original_header=PseudonocardthermoFdhNAD	OK
FdhsFsdA_Wells_021	RuminobacamyloFdhNAD	Wells_et_al_reference	FdhsFsdA	FdhsFsdA	Wells_Dryad_DMSORcompwoutMop.fasta	Selected from DMSORcompwoutMop.fasta; original_header=RuminobacamyloFdhNAD	OK
FdhsFsdA_Wells_022	StarknovelFdhNAD	Wells_et_al_reference	FdhsFsdA	FdhsFsdA	Wells_Dryad_DMSORcompwoutMop.fasta	Selected from DMSORcompwoutMop.fasta; original_header=StarknovelFdhNAD	OK
FdhsFsdA_Wells_023	ThalassospirmarinaFdhNAD	Wells_et_al_reference	FdhsFsdA	FdhsFsdA	Wells_Dryad_DMSORcompwoutMop.fasta	Selected from DMSORcompwoutMop.fasta; original_header=ThalassospirmarinaFdhNAD	OK
FdhsFsdA_Wells_024	ThermotogaprofundFdhNAD	Wells_et_al_reference	FdhsFsdA	FdhsFsdA	Wells_Dryad_DMSORcompwoutMop.fasta	Selected from DMSORcompwoutMop.fasta; original_header=ThermotogaprofundFdhNAD	OK
FdhsFsdA_Wells_025	radyrhizoelkaniFdhNAD	Wells_et_al_reference	FdhsFsdA	FdhsFsdA	Wells_Dryad_DMSORcompwoutMop.fasta	Selected from DMSORcompwoutMop.fasta; original_header=radyrhizoelkaniFdhNAD	OK
FhcB_Wells_001	AcidibrevifodinFhcB	Wells_et_al_reference	FhcB	FhcB	Wells_Dryad_DMSORcompwoutMop.fasta	Selected from DMSORcompwoutMop.fasta; original_header=AcidibrevifodinFhcB	OK
FhcB_Wells_002	AzohydrolataFhcB	Wells_et_al_reference	FhcB	FhcB	Wells_Dryad_DMSORcompwoutMop.fasta	Selected from DMSORcompwoutMop.fasta; original_header=AzohydrolataFhcB	OK
FhcB_Wells_003	AzospirramaFhcB	Wells_et_al_reference	FhcB	FhcB	Wells_Dryad_DMSORcompwoutMop.fasta	Selected from DMSORcompwoutMop.fasta; original_header=AzospirramaFhcB	OK
FhcB_Wells_004	CabalperedFhcB	Wells_et_al_reference	FhcB	FhcB	Wells_Dryad_DMSORcompwoutMop.fasta	Selected from DMSORcompwoutMop.fasta; original_header=CabalperedFhcB	OK
FhcB_Wells_005	LabrysokinaFhcB	Wells_et_al_reference	FhcB	FhcB	Wells_Dryad_DMSORcompwoutMop.fasta	Selected from DMSORcompwoutMop.fasta; original_header=LabrysokinaFhcB	OK
FhcB_Wells_006	MethylioleiFhcB	Wells_et_al_reference	FhcB	FhcB	Wells_Dryad_DMSORcompwoutMop.fasta	Selected from DMSORcompwoutMop.fasta; original_header=MethylioleiFhcB	OK
FhcB_Wells_007	MethylobacilrhizoFhcB	Wells_et_al_reference	FhcB	FhcB	Wells_Dryad_DMSORcompwoutMop.fasta	Selected from DMSORcompwoutMop.fasta; original_header=MethylobacilrhizoFhcB	OK
FhcB_Wells_008	MethylobacterihaploFhcB	Wells_et_al_reference	FhcB	FhcB	Wells_Dryad_DMSORcompwoutMop.fasta	Selected from DMSORcompwoutMop.fasta; original_header=MethylobacterihaploFhcB	OK
FhcB_Wells_009	MethylobacwhittenFhcB	Wells_et_al_reference	FhcB	FhcB	Wells_Dryad_DMSORcompwoutMop.fasta	Selected from DMSORcompwoutMop.fasta; original_header=MethylobacwhittenFhcB	OK
FhcB_Wells_010	MethylocapacidiFhcB	Wells_et_al_reference	FhcB	FhcB	Wells_Dryad_DMSORcompwoutMop.fasta	Selected from DMSORcompwoutMop.fasta; original_header=MethylocapacidiFhcB	OK
FhcB_Wells_011	MethylocelsilvesFhcB	Wells_et_al_reference	FhcB	FhcB	Wells_Dryad_DMSORcompwoutMop.fasta	Selected from DMSORcompwoutMop.fasta; original_header=MethylocelsilvesFhcB	OK
FhcB_Wells_012	MethylohalocrimeFhcB	Wells_et_al_reference	FhcB	FhcB	Wells_Dryad_DMSORcompwoutMop.fasta	Selected from DMSORcompwoutMop.fasta; original_header=MethylohalocrimeFhcB	OK
FhcB_Wells_013	MethylophagfrapFhcB	Wells_et_al_reference	FhcB	FhcB	Wells_Dryad_DMSORcompwoutMop.fasta	Selected from DMSORcompwoutMop.fasta; original_header=MethylophagfrapFhcB	OK
FhcB_Wells_014	MethylophilmedarFhcB	Wells_et_al_reference	FhcB	FhcB	Wells_Dryad_DMSORcompwoutMop.fasta	Selected from DMSORcompwoutMop.fasta; original_header=MethylophilmedarFhcB	OK
FhcB_Wells_015	MethylorubpopuliFhcB	Wells_et_al_reference	FhcB	FhcB	Wells_Dryad_DMSORcompwoutMop.fasta	Selected from DMSORcompwoutMop.fasta; original_header=MethylorubpopuliFhcB	OK
FhcB_Wells_016	MethylosinsporFhcB	Wells_et_al_reference	FhcB	FhcB	Wells_Dryad_DMSORcompwoutMop.fasta	Selected from DMSORcompwoutMop.fasta; original_header=MethylosinsporFhcB	OK
FhcB_Wells_017	MethyloverthermoFhcB	Wells_et_al_reference	FhcB	FhcB	Wells_Dryad_DMSORcompwoutMop.fasta	Selected from DMSORcompwoutMop.fasta; original_header=MethyloverthermoFhcB	OK
FhcB_Wells_018	MethylovulmiyaFhcB	Wells_et_al_reference	FhcB	FhcB	Wells_Dryad_DMSORcompwoutMop.fasta	Selected from DMSORcompwoutMop.fasta; original_header=MethylovulmiyaFhcB	OK
FhcB_Wells_019	NitrosococeaniFhcB	Wells_et_al_reference	FhcB	FhcB	Wells_Dryad_DMSORcompwoutMop.fasta	Selected from DMSORcompwoutMop.fasta; original_header=NitrosococeaniFhcB	OK
FhcB_Wells_020	ParaburkoxyphFhcB	Wells_et_al_reference	FhcB	FhcB	Wells_Dryad_DMSORcompwoutMop.fasta	Selected from DMSORcompwoutMop.fasta; original_header=ParaburkoxyphFhcB	OK
FhcB_Wells_021	PseudaminoarsenFhcB	Wells_et_al_reference	FhcB	FhcB	Wells_Dryad_DMSORcompwoutMop.fasta	Selected from DMSORcompwoutMop.fasta; original_header=PseudaminoarsenFhcB	OK
FhcB_Wells_022	RhizobiumoryzFhcB	Wells_et_al_reference	FhcB	FhcB	Wells_Dryad_DMSORcompwoutMop.fasta	Selected from DMSORcompwoutMop.fasta; original_header=RhizobiumoryzFhcB	OK
FhcB_Wells_023	SulfurifeplumbFhcB	Wells_et_al_reference	FhcB	FhcB	Wells_Dryad_DMSORcompwoutMop.fasta	Selected from DMSORcompwoutMop.fasta; original_header=SulfurifeplumbFhcB	OK
FhcB_Wells_024	ThiocaproseaFhcB	Wells_et_al_reference	FhcB	FhcB	Wells_Dryad_DMSORcompwoutMop.fasta	Selected from DMSORcompwoutMop.fasta; original_header=ThiocaproseaFhcB	OK
FhcB_Wells_025	Variopara2FhcB	Wells_et_al_reference	FhcB	FhcB	Wells_Dryad_DMSORcompwoutMop.fasta	Selected from DMSORcompwoutMop.fasta; original_header=Variopara2FhcB	OK
FwdBFmdB_Wells_001	ArchaefulgFwdB	Wells_et_al_reference	FwdBFmdB	FwdBFmdB	Wells_Dryad_DMSORcompwoutMop.fasta	Selected from DMSORcompwoutMop.fasta; original_header=ArchaefulgFwdB	OK
FwdBFmdB_Wells_002	FerroglobplacidFwdB	Wells_et_al_reference	FwdBFmdB	FwdBFmdB	Wells_Dryad_DMSORcompwoutMop.fasta	Selected from DMSORcompwoutMop.fasta; original_header=FerroglobplacidFwdB	OK
FwdBFmdB_Wells_003	GeoglobacetiFwdB	Wells_et_al_reference	FwdBFmdB	FwdBFmdB	Wells_Dryad_DMSORcompwoutMop.fasta	Selected from DMSORcompwoutMop.fasta; original_header=GeoglobacetiFwdB	OK
FwdBFmdB_Wells_004	MethanocaldococfervensFwdB	Wells_et_al_reference	FwdBFmdB	FwdBFmdB	Wells_Dryad_DMSORcompwoutMop.fasta	Selected from DMSORcompwoutMop.fasta; original_header=MethanocaldococfervensFwdB	OK
FwdBFmdB_Wells_005	MethanocaldococinfernFwdB	Wells_et_al_reference	FwdBFmdB	FwdBFmdB	Wells_Dryad_DMSORcompwoutMop.fasta	Selected from DMSORcompwoutMop.fasta; original_header=MethanocaldococinfernFwdB	OK
FwdBFmdB_Wells_006	MethanocaldococvulcanFwdB	Wells_et_al_reference	FwdBFmdB	FwdBFmdB	Wells_Dryad_DMSORcompwoutMop.fasta	Selected from DMSORcompwoutMop.fasta; original_header=MethanocaldococvulcanFwdB	OK
FwdBFmdB_Wells_007	MethanocelconradiFwdB	Wells_et_al_reference	FwdBFmdB	FwdBFmdB	Wells_Dryad_DMSORcompwoutMop.fasta	Selected from DMSORcompwoutMop.fasta; original_header=MethanocelconradiFwdB	OK
FwdBFmdB_Wells_008	MethanococmaripaFwdB2	Wells_et_al_reference	FwdBFmdB	FwdBFmdB	Wells_Dryad_DMSORcompwoutMop.fasta	Selected from DMSORcompwoutMop.fasta; original_header=MethanococmaripaFwdB2	OK
FwdBFmdB_Wells_009	MethanococvannieFwdB1	Wells_et_al_reference	FwdBFmdB	FwdBFmdB	Wells_Dryad_DMSORcompwoutMop.fasta	Selected from DMSORcompwoutMop.fasta; original_header=MethanococvannieFwdB1	OK
FwdBFmdB_Wells_010	MethanococvoltaeFwdB1	Wells_et_al_reference	FwdBFmdB	FwdBFmdB	Wells_Dryad_DMSORcompwoutMop.fasta	Selected from DMSORcompwoutMop.fasta; original_header=MethanococvoltaeFwdB1	OK
FwdBFmdB_Wells_011	MethanococvoltaeFwdB2	Wells_et_al_reference	FwdBFmdB	FwdBFmdB	Wells_Dryad_DMSORcompwoutMop.fasta	Selected from DMSORcompwoutMop.fasta; original_header=MethanococvoltaeFwdB2	OK
FwdBFmdB_Wells_012	MethanolacpetroFwdB	Wells_et_al_reference	FwdBFmdB	FwdBFmdB	Wells_Dryad_DMSORcompwoutMop.fasta	Selected from DMSORcompwoutMop.fasta; original_header=MethanolacpetroFwdB	OK
FwdBFmdB_Wells_013	MethanoplanlimiFwdB	Wells_et_al_reference	FwdBFmdB	FwdBFmdB	Wells_Dryad_DMSORcompwoutMop.fasta	Selected from DMSORcompwoutMop.fasta; original_header=MethanoplanlimiFwdB	OK
FwdBFmdB_Wells_014	MethanopykandFwdB2	Wells_et_al_reference	FwdBFmdB	FwdBFmdB	Wells_Dryad_DMSORcompwoutMop.fasta	Selected from DMSORcompwoutMop.fasta; original_header=MethanopykandFwdB2	OK
FwdBFmdB_Wells_015	MethanosalzhiliFwdB	Wells_et_al_reference	FwdBFmdB	FwdBFmdB	Wells_Dryad_DMSORcompwoutMop.fasta	Selected from DMSORcompwoutMop.fasta; original_header=MethanosalzhiliFwdB	OK
FwdBFmdB_Wells_016	MethanosaractiFwdB	Wells_et_al_reference	FwdBFmdB	FwdBFmdB	Wells_Dryad_DMSORcompwoutMop.fasta	Selected from DMSORcompwoutMop.fasta; original_header=MethanosaractiFwdB	OK
FwdBFmdB_Wells_017	MethanosarbarkeriFwdB2	Wells_et_al_reference	FwdBFmdB	FwdBFmdB	Wells_Dryad_DMSORcompwoutMop.fasta	Selected from DMSORcompwoutMop.fasta; original_header=MethanosarbarkeriFwdB2	OK
FwdBFmdB_Wells_018	MethanosarbarkeriFwdB3	Wells_et_al_reference	FwdBFmdB	FwdBFmdB	Wells_Dryad_DMSORcompwoutMop.fasta	Selected from DMSORcompwoutMop.fasta; original_header=MethanosarbarkeriFwdB3	OK
FwdBFmdB_Wells_019	MethanospirhungaFwdB	Wells_et_al_reference	FwdBFmdB	FwdBFmdB	Wells_Dryad_DMSORcompwoutMop.fasta	Selected from DMSORcompwoutMop.fasta; original_header=MethanospirhungaFwdB	OK
FwdBFmdB_Wells_020	MethanothermococokinaweFwdB1	Wells_et_al_reference	FwdBFmdB	FwdBFmdB	Wells_Dryad_DMSORcompwoutMop.fasta	Selected from DMSORcompwoutMop.fasta; original_header=MethanothermococokinaweFwdB1	OK
FwdBFmdB_Wells_021	MethanothermococokinaweFwdB3	Wells_et_al_reference	FwdBFmdB	FwdBFmdB	Wells_Dryad_DMSORcompwoutMop.fasta	Selected from DMSORcompwoutMop.fasta; original_header=MethanothermococokinaweFwdB3	OK
FwdBFmdB_Wells_022	MethanothermomarburgFwdB1	Wells_et_al_reference	FwdBFmdB	FwdBFmdB	Wells_Dryad_DMSORcompwoutMop.fasta	Selected from DMSORcompwoutMop.fasta; original_header=MethanothermomarburgFwdB1	OK
FwdBFmdB_Wells_023	MethanothermowolfeiiFwdB	Wells_et_al_reference	FwdBFmdB	FwdBFmdB	Wells_Dryad_DMSORcompwoutMop.fasta	Selected from DMSORcompwoutMop.fasta; original_header=MethanothermowolfeiiFwdB	OK
FwdBFmdB_Wells_024	MethanothermusfervidFwdB	Wells_et_al_reference	FwdBFmdB	FwdBFmdB	Wells_Dryad_DMSORcompwoutMop.fasta	Selected from DMSORcompwoutMop.fasta; original_header=MethanothermusfervidFwdB	OK
FwdBFmdB_Wells_025	MethanotorigneusFwdB2	Wells_et_al_reference	FwdBFmdB	FwdBFmdB	Wells_Dryad_DMSORcompwoutMop.fasta	Selected from DMSORcompwoutMop.fasta; original_header=MethanotorigneusFwdB2	OK
Nqo3_Wells_001	ActinoallobryoNqo3	Wells_et_al_reference	Nqo3	Nqo3	Wells_Dryad_DMSORcompwoutMop.fasta	Selected from DMSORcompwoutMop.fasta; original_header=ActinoallobryoNqo3	OK
Nqo3_Wells_002	AnaerolinthermoNqo3	Wells_et_al_reference	Nqo3	Nqo3	Wells_Dryad_DMSORcompwoutMop.fasta	Selected from DMSORcompwoutMop.fasta; original_header=AnaerolinthermoNqo3	OK
Nqo3_Wells_003	AzospirhumiciNqo3	Wells_et_al_reference	Nqo3	Nqo3	Wells_Dryad_DMSORcompwoutMop.fasta	Selected from DMSORcompwoutMop.fasta; original_header=AzospirhumiciNqo3	OK
Nqo3_Wells_004	CaenispsaliNqo3	Wells_et_al_reference	Nqo3	Nqo3	Wells_Dryad_DMSORcompwoutMop.fasta	Selected from DMSORcompwoutMop.fasta; original_header=CaenispsaliNqo3	OK
Nqo3_Wells_005	ChitinoniasteNqo3	Wells_et_al_reference	Nqo3	Nqo3	Wells_Dryad_DMSORcompwoutMop.fasta	Selected from DMSORcompwoutMop.fasta; original_header=ChitinoniasteNqo3	OK
Nqo3_Wells_006	CupriaoxalatiNqo3	Wells_et_al_reference	Nqo3	Nqo3	Wells_Dryad_DMSORcompwoutMop.fasta	Selected from DMSORcompwoutMop.fasta; original_header=CupriaoxalatiNqo3	OK
Nqo3_Wells_007	EmpedohaloNqo3	Wells_et_al_reference	Nqo3	Nqo3	Wells_Dryad_DMSORcompwoutMop.fasta	Selected from DMSORcompwoutMop.fasta; original_header=EmpedohaloNqo3	OK
Nqo3_Wells_008	FodinifengNqo3	Wells_et_al_reference	Nqo3	Nqo3	Wells_Dryad_DMSORcompwoutMop.fasta	Selected from DMSORcompwoutMop.fasta; original_header=FodinifengNqo3	OK
Nqo3_Wells_009	GeovibthioNqo3	Wells_et_al_reference	Nqo3	Nqo3	Wells_Dryad_DMSORcompwoutMop.fasta	Selected from DMSORcompwoutMop.fasta; original_header=GeovibthioNqo3	OK
Nqo3_Wells_010	HerminfontiNqo3	Wells_et_al_reference	Nqo3	Nqo3	Wells_Dryad_DMSORcompwoutMop.fasta	Selected from DMSORcompwoutMop.fasta; original_header=HerminfontiNqo3	OK
Nqo3_Wells_011	KilospongiNqo3	Wells_et_al_reference	Nqo3	Nqo3	Wells_Dryad_DMSORcompwoutMop.fasta	Selected from DMSORcompwoutMop.fasta; original_header=KilospongiNqo3	OK
Nqo3_Wells_012	MalonorubraNqo3	Wells_et_al_reference	Nqo3	Nqo3	Wells_Dryad_DMSORcompwoutMop.fasta	Selected from DMSORcompwoutMop.fasta; original_header=MalonorubraNqo3	OK
Nqo3_Wells_013	MethylophagsulfidoNqo3	Wells_et_al_reference	Nqo3	Nqo3	Wells_Dryad_DMSORcompwoutMop.fasta	Selected from DMSORcompwoutMop.fasta; original_header=MethylophagsulfidoNqo3	OK
Nqo3_Wells_014	NiastelyeongNqo3	Wells_et_al_reference	Nqo3	Nqo3	Wells_Dryad_DMSORcompwoutMop.fasta	Selected from DMSORcompwoutMop.fasta; original_header=NiastelyeongNqo3	OK
Nqo3_Wells_015	NitrospiramazNqo3	Wells_et_al_reference	Nqo3	Nqo3	Wells_Dryad_DMSORcompwoutMop.fasta	Selected from DMSORcompwoutMop.fasta; original_header=NitrospiramazNqo3	OK
Nqo3_Wells_016	OceanibacpacificNqo3	Wells_et_al_reference	Nqo3	Nqo3	Wells_Dryad_DMSORcompwoutMop.fasta	Selected from DMSORcompwoutMop.fasta; original_header=OceanibacpacificNqo3	OK
Nqo3_Wells_017	PhotobacalginNqo3	Wells_et_al_reference	Nqo3	Nqo3	Wells_Dryad_DMSORcompwoutMop.fasta	Selected from DMSORcompwoutMop.fasta; original_header=PhotobacalginNqo3	OK
Nqo3_Wells_018	PseudoarcoactiNqo3	Wells_et_al_reference	Nqo3	Nqo3	Wells_Dryad_DMSORcompwoutMop.fasta	Selected from DMSORcompwoutMop.fasta; original_header=PseudoarcoactiNqo3	OK
Nqo3_Wells_019	Ralstonsolana1Nqo3	Wells_et_al_reference	Nqo3	Nqo3	Wells_Dryad_DMSORcompwoutMop.fasta	Selected from DMSORcompwoutMop.fasta; original_header=Ralstonsolana1Nqo3	OK
Nqo3_Wells_020	SkermaaeroNqo3	Wells_et_al_reference	Nqo3	Nqo3	Wells_Dryad_DMSORcompwoutMop.fasta	Selected from DMSORcompwoutMop.fasta; original_header=SkermaaeroNqo3	OK
Nqo3_Wells_021	StreptomyolivoNqo3	Wells_et_al_reference	Nqo3	Nqo3	Wells_Dryad_DMSORcompwoutMop.fasta	Selected from DMSORcompwoutMop.fasta; original_header=StreptomyolivoNqo3	OK
Nqo3_Wells_022	SulfurospmultiNqo3	Wells_et_al_reference	Nqo3	Nqo3	Wells_Dryad_DMSORcompwoutMop.fasta	Selected from DMSORcompwoutMop.fasta; original_header=SulfurospmultiNqo3	OK
Nqo3_Wells_023	ThermopolyflexNqo3	Wells_et_al_reference	Nqo3	Nqo3	Wells_Dryad_DMSORcompwoutMop.fasta	Selected from DMSORcompwoutMop.fasta; original_header=ThermopolyflexNqo3	OK
Nqo3_Wells_024	ThioflexopsekuNqo3	Wells_et_al_reference	Nqo3	Nqo3	Wells_Dryad_DMSORcompwoutMop.fasta	Selected from DMSORcompwoutMop.fasta; original_header=ThioflexopsekuNqo3	OK
Nqo3_Wells_025	WilliammuralNqo3	Wells_et_al_reference	Nqo3	Nqo3	Wells_Dryad_DMSORcompwoutMop.fasta	Selected from DMSORcompwoutMop.fasta; original_header=WilliammuralNqo3	OK
AspDMSOR_Wells_001	AlicyclidenitrifClrA	Wells_et_al_reference	AspDMSOR	AspDMSOR	Wells_Dryad_DMSORcompwoutMop.fasta	Selected from DMSORcompwoutMop.fasta; original_header=AlicyclidenitrifClrA	OK
AspDMSOR_Wells_002	ArchaefulgPcrA	Wells_et_al_reference	AspDMSOR	AspDMSOR	Wells_Dryad_DMSORcompwoutMop.fasta	Selected from DMSORcompwoutMop.fasta; original_header=ArchaefulgPcrA	OK
AspDMSOR_Wells_003	AromaromaEdhA	Wells_et_al_reference	AspDMSOR	AspDMSOR	Wells_Dryad_DMSORcompwoutMop.fasta	Selected from DMSORcompwoutMop.fasta; original_header=AromaromaEdhA	OK
AspDMSOR_Wells_004	CaldimicrothioPcrA	Wells_et_al_reference	AspDMSOR	AspDMSOR	Wells_Dryad_DMSORcompwoutMop.fasta	Selected from DMSORcompwoutMop.fasta; original_header=CaldimicrothioPcrA	OK
AspDMSOR_Wells_005	CarbpertPcrA	Wells_et_al_reference	AspDMSOR	AspDMSOR	Wells_Dryad_DMSORcompwoutMop.fasta	Selected from DMSORcompwoutMop.fasta; original_header=CarbpertPcrA	OK
AspDMSOR_Wells_006	DechloroaromaPcrA	Wells_et_al_reference	AspDMSOR	AspDMSOR	Wells_Dryad_DMSORcompwoutMop.fasta	Selected from DMSORcompwoutMop.fasta; original_header=DechloroaromaPcrA	OK
AspDMSOR_Wells_007	DesulfitodichlorPcrA	Wells_et_al_reference	AspDMSOR	AspDMSOR	Wells_Dryad_DMSORcompwoutMop.fasta	Selected from DMSORcompwoutMop.fasta; original_header=DesulfitodichlorPcrA	OK
AspDMSOR_Wells_008	DesulfolacuPcrA	Wells_et_al_reference	AspDMSOR	AspDMSOR	Wells_Dryad_DMSORcompwoutMop.fasta	Selected from DMSORcompwoutMop.fasta; original_header=DesulfolacuPcrA	OK
AspDMSOR_Wells_009	DesulfoyounPcrA	Wells_et_al_reference	AspDMSOR	AspDMSOR	Wells_Dryad_DMSORcompwoutMop.fasta	Selected from DMSORcompwoutMop.fasta; original_header=DesulfoyounPcrA	OK
AspDMSOR_Wells_010	GeobacpickClrA	Wells_et_al_reference	AspDMSOR	AspDMSOR	Wells_Dryad_DMSORcompwoutMop.fasta	Selected from DMSORcompwoutMop.fasta; original_header=GeobacpickClrA	OK
AspDMSOR_Wells_011	GordonurolPcrA	Wells_et_al_reference	AspDMSOR	AspDMSOR	Wells_Dryad_DMSORcompwoutMop.fasta	Selected from DMSORcompwoutMop.fasta; original_header=GordonurolPcrA	OK
AspDMSOR_Wells_012	HalomonsacchaDdhA	Wells_et_al_reference	AspDMSOR	AspDMSOR	Wells_Dryad_DMSORcompwoutMop.fasta	Selected from DMSORcompwoutMop.fasta; original_header=HalomonsacchaDdhA	OK
AspDMSOR_Wells_013	HydrogenothermmariDdhA	Wells_et_al_reference	AspDMSOR	AspDMSOR	Wells_Dryad_DMSORcompwoutMop.fasta	Selected from DMSORcompwoutMop.fasta; original_header=HydrogenothermmariDdhA	OK
AspDMSOR_Wells_014	MagnetospirmagnetPcrA	Wells_et_al_reference	AspDMSOR	AspDMSOR	Wells_Dryad_DMSORcompwoutMop.fasta	Selected from DMSORcompwoutMop.fasta; original_header=MagnetospirmagnetPcrA	OK
AspDMSOR_Wells_015	MarinobacsalexiDdhA	Wells_et_al_reference	AspDMSOR	AspDMSOR	Wells_Dryad_DMSORcompwoutMop.fasta	Selected from DMSORcompwoutMop.fasta; original_header=MarinobacsalexiDdhA	OK
AspDMSOR_Wells_016	MoormuldPcrA	Wells_et_al_reference	AspDMSOR	AspDMSOR	Wells_Dryad_DMSORcompwoutMop.fasta	Selected from DMSORcompwoutMop.fasta; original_header=MoormuldPcrA	OK
AspDMSOR_Wells_017	NitratirutergaDdhA	Wells_et_al_reference	AspDMSOR	AspDMSOR	Wells_Dryad_DMSORcompwoutMop.fasta	Selected from DMSORcompwoutMop.fasta; original_header=NitratirutergaDdhA	OK
AspDMSOR_Wells_018	PseudomonlitoralDdhA	Wells_et_al_reference	AspDMSOR	AspDMSOR	Wells_Dryad_DMSORcompwoutMop.fasta	Selected from DMSORcompwoutMop.fasta; original_header=PseudomonlitoralDdhA	OK
AspDMSOR_Wells_019	RhodovulsulfidoDdhA	Wells_et_al_reference	AspDMSOR	AspDMSOR	Wells_Dryad_DMSORcompwoutMop.fasta	Selected from DMSORcompwoutMop.fasta; original_header=RhodovulsulfidoDdhA	OK
AspDMSOR_Wells_020	SalipthioDdhA	Wells_et_al_reference	AspDMSOR	AspDMSOR	Wells_Dryad_DMSORcompwoutMop.fasta	Selected from DMSORcompwoutMop.fasta; original_header=SalipthioDdhA	OK
AspDMSOR_Wells_021	SedimentthioPcrA	Wells_et_al_reference	AspDMSOR	AspDMSOR	Wells_Dryad_DMSORcompwoutMop.fasta	Selected from DMSORcompwoutMop.fasta; original_header=SedimentthioPcrA	OK
AspDMSOR_Wells_022	SterolidenitrifS25dA_1	Wells_et_al_reference	AspDMSOR	AspDMSOR	Wells_Dryad_DMSORcompwoutMop.fasta	Selected from DMSORcompwoutMop.fasta; original_header=SterolidenitrifS25dA_1	OK
AspDMSOR_Wells_023	SulfurospcavoPcrA	Wells_et_al_reference	AspDMSOR	AspDMSOR	Wells_Dryad_DMSORcompwoutMop.fasta	Selected from DMSORcompwoutMop.fasta; original_header=SulfurospcavoPcrA	OK
AspDMSOR_Wells_024	ThauterpCmdA	Wells_et_al_reference	AspDMSOR	AspDMSOR	Wells_Dryad_DMSORcompwoutMop.fasta	Selected from DMSORcompwoutMop.fasta; original_header=ThauterpCmdA	OK
AspDMSOR_Wells_025	TropicimonisoalkDdhA	Wells_et_al_reference	AspDMSOR	AspDMSOR	Wells_Dryad_DMSORcompwoutMop.fasta	Selected from DMSORcompwoutMop.fasta; original_header=TropicimonisoalkDdhA	OK
